model,score_test,score_val,eval_metric,pred_time_test,pred_time_val,fit_time,pred_time_test_marginal,pred_time_val_marginal,fit_time_marginal,stack_level,can_infer,fit_order,run_number,eval_root_mean_squared_error,eval_mean_squared_error,eval_mean_absolute_error,eval_r2,eval_pearsonr,eval_median_absolute_error
WeightedEnsemble_L2,-0.8736147291252179,-0.7976243224088978,root_mean_squared_error,0.11588907241821289,0.06722569465637207,59.81753659248352,0.002410888671875,0.0004200935363769531,0.009888648986816406,2,True,10,1,-0.8736147291252179,-0.7632026949445279,-0.626848365129942,0.6719770302916637,0.8202067952450168,-0.4392316498003317
NeuralNetFastAI,-0.8909954439271287,-0.848875800394877,root_mean_squared_error,0.039928436279296875,0.014514446258544922,4.056463956832886,0.039928436279296875,0.014514446258544922,4.056463956832886,1,True,6,1,-0.8736147291252179,-0.7632026949445279,-0.626848365129942,0.6719770302916637,0.8202067952450168,-0.4392316498003317
NeuralNetTorch,-0.8931560298608999,-0.8289385372676497,root_mean_squared_error,0.020922422409057617,0.010815620422363281,7.7948527336120605,0.020922422409057617,0.010815620422363281,7.7948527336120605,1,True,8,1,-0.8736147291252179,-0.7632026949445279,-0.626848365129942,0.6719770302916637,0.8202067952450168,-0.4392316498003317
CatBoost,-0.8991998097114818,-0.8196499631389951,root_mean_squared_error,0.07268929481506348,0.045044898986816406,50.191993713378906,0.07268929481506348,0.045044898986816406,50.191993713378906,1,True,4,1,-0.8736147291252179,-0.7632026949445279,-0.626848365129942,0.6719770302916637,0.8202067952450168,-0.4392316498003317
LightGBMXT,-0.9037924319485665,-0.8389288744663007,root_mean_squared_error,0.019866466522216797,0.01094508171081543,1.8208014965057373,0.019866466522216797,0.01094508171081543,1.8208014965057373,1,True,1,1,-0.8736147291252179,-0.7632026949445279,-0.626848365129942,0.6719770302916637,0.8202067952450168,-0.4392316498003317
LightGBM,-0.9037924319485665,-0.8389288744663007,root_mean_squared_error,0.02047896385192871,0.010577201843261719,2.0349478721618652,0.02047896385192871,0.010577201843261719,2.0349478721618652,1,True,2,1,-0.8736147291252179,-0.7632026949445279,-0.626848365129942,0.6719770302916637,0.8202067952450168,-0.4392316498003317
RandomForestMSE,-0.90730212772414,-0.8631509685127721,root_mean_squared_error,0.2156226634979248,0.0667572021484375,26.320319890975952,0.2156226634979248,0.0667572021484375,26.320319890975952,1,True,3,1,-0.8736147291252179,-0.7632026949445279,-0.626848365129942,0.6719770302916637,0.8202067952450168,-0.4392316498003317
ExtraTreesMSE,-0.9114337318902028,-0.8640229909818908,root_mean_squared_error,0.2331852912902832,0.05647087097167969,18.764819383621216,0.2331852912902832,0.05647087097167969,18.764819383621216,1,True,5,1,-0.8736147291252179,-0.7632026949445279,-0.626848365129942,0.6719770302916637,0.8202067952450168,-0.4392316498003317
XGBoost,-0.9342759638327627,-0.8749536470897941,root_mean_squared_error,0.028935909271240234,0.009665250778198242,5.47529149055481,0.028935909271240234,0.009665250778198242,5.47529149055481,1,True,7,1,-0.8736147291252179,-0.7632026949445279,-0.626848365129942,0.6719770302916637,0.8202067952450168,-0.4392316498003317
LightGBMLarge,-0.9570056973598137,-0.9059712574820993,root_mean_squared_error,0.029379844665527344,0.011338949203491211,4.774057865142822,0.029379844665527344,0.011338949203491211,4.774057865142822,1,True,9,1,-0.8736147291252179,-0.7632026949445279,-0.626848365129942,0.6719770302916637,0.8202067952450168,-0.4392316498003317
WeightedEnsemble_L2,-0.8736147291252179,-0.7976243224088978,root_mean_squared_error,0.11106252670288086,0.06179451942443848,58.135901927948,0.002397298812866211,0.0003516674041748047,0.008823394775390625,2,True,10,2,-0.8736147291252179,-0.7632026949445279,-0.626848365129942,0.6719770302916637,0.8202067952450168,-0.4392316498003317
NeuralNetFastAI,-0.8909954439271287,-0.848875800394877,root_mean_squared_error,0.040137529373168945,0.014504194259643555,3.6967689990997314,0.040137529373168945,0.014504194259643555,3.6967689990997314,1,True,6,2,-0.8736147291252179,-0.7632026949445279,-0.626848365129942,0.6719770302916637,0.8202067952450168,-0.4392316498003317
NeuralNetTorch,-0.8931560298608999,-0.8289385372676497,root_mean_squared_error,0.020578861236572266,0.010679244995117188,6.667054176330566,0.020578861236572266,0.010679244995117188,6.667054176330566,1,True,8,2,-0.8736147291252179,-0.7632026949445279,-0.626848365129942,0.6719770302916637,0.8202067952450168,-0.4392316498003317
CatBoost,-0.8991998097114818,-0.8196499631389951,root_mean_squared_error,0.06808805465698242,0.04320168495178223,50.14821696281433,0.06808805465698242,0.04320168495178223,50.14821696281433,1,True,4,2,-0.8736147291252179,-0.7632026949445279,-0.626848365129942,0.6719770302916637,0.8202067952450168,-0.4392316498003317
LightGBM,-0.9037924319485665,-0.8389288744663007,root_mean_squared_error,0.018687009811401367,0.009935617446899414,1.58390474319458,0.018687009811401367,0.009935617446899414,1.58390474319458,1,True,2,2,-0.8736147291252179,-0.7632026949445279,-0.626848365129942,0.6719770302916637,0.8202067952450168,-0.4392316498003317
LightGBMXT,-0.9037924319485665,-0.8389288744663007,root_mean_squared_error,0.01999831199645996,0.007561922073364258,1.31180739402771,0.01999831199645996,0.007561922073364258,1.31180739402771,1,True,1,2,-0.8736147291252179,-0.7632026949445279,-0.626848365129942,0.6719770302916637,0.8202067952450168,-0.4392316498003317
RandomForestMSE,-0.90730212772414,-0.8631509685127721,root_mean_squared_error,0.21995806694030762,0.05623459815979004,21.1061589717865,0.21995806694030762,0.05623459815979004,21.1061589717865,1,True,3,2,-0.8736147291252179,-0.7632026949445279,-0.626848365129942,0.6719770302916637,0.8202067952450168,-0.4392316498003317
ExtraTreesMSE,-0.9114337318902028,-0.8640229909818908,root_mean_squared_error,0.2218008041381836,0.05635952949523926,18.916409730911255,0.2218008041381836,0.05635952949523926,18.916409730911255,1,True,5,2,-0.8736147291252179,-0.7632026949445279,-0.626848365129942,0.6719770302916637,0.8202067952450168,-0.4392316498003317
XGBoost,-0.9342759638327627,-0.8749536470897941,root_mean_squared_error,0.028771162033081055,0.009289979934692383,5.435198783874512,0.028771162033081055,0.009289979934692383,5.435198783874512,1,True,7,2,-0.8736147291252179,-0.7632026949445279,-0.626848365129942,0.6719770302916637,0.8202067952450168,-0.4392316498003317
LightGBMLarge,-0.9570056973598137,-0.9059712574820993,root_mean_squared_error,0.02560114860534668,0.010465860366821289,4.532273530960083,0.02560114860534668,0.010465860366821289,4.532273530960083,1,True,9,2,-0.8736147291252179,-0.7632026949445279,-0.626848365129942,0.6719770302916637,0.8202067952450168,-0.4392316498003317
WeightedEnsemble_L2,-0.8736147291252179,-0.7976243224088978,root_mean_squared_error,0.12419700622558594,0.05685615539550781,59.323456048965454,0.002628803253173828,0.0002932548522949219,0.006043434143066406,2,True,10,3,-0.8736147291252179,-0.7632026949445279,-0.626848365129942,0.6719770302916637,0.8202067952450168,-0.4392316498003317
NeuralNetFastAI,-0.8909954439271287,-0.848875800394877,root_mean_squared_error,0.037672996520996094,0.018895387649536133,4.011835098266602,0.037672996520996094,0.018895387649536133,4.011835098266602,1,True,6,3,-0.8736147291252179,-0.7632026949445279,-0.626848365129942,0.6719770302916637,0.8202067952450168,-0.4392316498003317
NeuralNetTorch,-0.8931560298608999,-0.8289385372676497,root_mean_squared_error,0.02250051498413086,0.007623910903930664,6.829910755157471,0.02250051498413086,0.007623910903930664,6.829910755157471,1,True,8,3,-0.8736147291252179,-0.7632026949445279,-0.626848365129942,0.6719770302916637,0.8202067952450168,-0.4392316498003317
CatBoost,-0.8991998097114818,-0.8196499631389951,root_mean_squared_error,0.08014535903930664,0.04126882553100586,51.13828229904175,0.08014535903930664,0.04126882553100586,51.13828229904175,1,True,4,3,-0.8736147291252179,-0.7632026949445279,-0.626848365129942,0.6719770302916637,0.8202067952450168,-0.4392316498003317
LightGBMXT,-0.9037924319485665,-0.8389288744663007,root_mean_squared_error,0.01892232894897461,0.007670164108276367,1.349219560623169,0.01892232894897461,0.007670164108276367,1.349219560623169,1,True,1,3,-0.8736147291252179,-0.7632026949445279,-0.626848365129942,0.6719770302916637,0.8202067952450168,-0.4392316498003317
LightGBM,-0.9037924319485665,-0.8389288744663007,root_mean_squared_error,0.02133488655090332,0.0104217529296875,1.7247509956359863,0.02133488655090332,0.0104217529296875,1.7247509956359863,1,True,2,3,-0.8736147291252179,-0.7632026949445279,-0.626848365129942,0.6719770302916637,0.8202067952450168,-0.4392316498003317
RandomForestMSE,-0.90730212772414,-0.8631509685127721,root_mean_squared_error,0.20658373832702637,0.05603957176208496,20.972732305526733,0.20658373832702637,0.05603957176208496,20.972732305526733,1,True,3,3,-0.8736147291252179,-0.7632026949445279,-0.626848365129942,0.6719770302916637,0.8202067952450168,-0.4392316498003317
ExtraTreesMSE,-0.9114337318902028,-0.8640229909818908,root_mean_squared_error,0.22871160507202148,0.06141781806945801,18.78059482574463,0.22871160507202148,0.06141781806945801,18.78059482574463,1,True,5,3,-0.8736147291252179,-0.7632026949445279,-0.626848365129942,0.6719770302916637,0.8202067952450168,-0.4392316498003317
XGBoost,-0.9342759638327627,-0.8749536470897941,root_mean_squared_error,0.02820134162902832,0.009853124618530273,6.02056360244751,0.02820134162902832,0.009853124618530273,6.02056360244751,1,True,7,3,-0.8736147291252179,-0.7632026949445279,-0.626848365129942,0.6719770302916637,0.8202067952450168,-0.4392316498003317
LightGBMLarge,-0.9570056973598137,-0.9059712574820993,root_mean_squared_error,0.025029659271240234,0.008573770523071289,4.9174299240112305,0.025029659271240234,0.008573770523071289,4.9174299240112305,1,True,9,3,-0.8736147291252179,-0.7632026949445279,-0.626848365129942,0.6719770302916637,0.8202067952450168,-0.4392316498003317
WeightedEnsemble_L2,-0.8736147291252179,-0.7976243224088978,root_mean_squared_error,0.11198186874389648,0.05771040916442871,59.72898244857788,0.0026786327362060547,0.0003426074981689453,0.008333206176757812,2,True,10,4,-0.8736147291252179,-0.7632026949445279,-0.626848365129942,0.6719770302916637,0.8202067952450168,-0.4392316498003317
NeuralNetFastAI,-0.8909954439271287,-0.848875800394877,root_mean_squared_error,0.0443723201751709,0.015186309814453125,3.823761463165283,0.0443723201751709,0.015186309814453125,3.823761463165283,1,True,6,4,-0.8736147291252179,-0.7632026949445279,-0.626848365129942,0.6719770302916637,0.8202067952450168,-0.4392316498003317
NeuralNetTorch,-0.8931560298608999,-0.8289385372676497,root_mean_squared_error,0.01610112190246582,0.0077304840087890625,6.989851713180542,0.01610112190246582,0.0077304840087890625,6.989851713180542,1,True,8,4,-0.8736147291252179,-0.7632026949445279,-0.626848365129942,0.6719770302916637,0.8202067952450168,-0.4392316498003317
CatBoost,-0.8991998097114818,-0.8196499631389951,root_mean_squared_error,0.07545661926269531,0.041997432708740234,51.36803650856018,0.07545661926269531,0.041997432708740234,51.36803650856018,1,True,4,4,-0.8736147291252179,-0.7632026949445279,-0.626848365129942,0.6719770302916637,0.8202067952450168,-0.4392316498003317
LightGBMXT,-0.9037924319485665,-0.8389288744663007,root_mean_squared_error,0.017745494842529297,0.007639884948730469,1.3627610206604004,0.017745494842529297,0.007639884948730469,1.3627610206604004,1,True,1,4,-0.8736147291252179,-0.7632026949445279,-0.626848365129942,0.6719770302916637,0.8202067952450168,-0.4392316498003317
LightGBM,-0.9037924319485665,-0.8389288744663007,root_mean_squared_error,0.017748117446899414,0.007698774337768555,1.312696933746338,0.017748117446899414,0.007698774337768555,1.312696933746338,1,True,2,4,-0.8736147291252179,-0.7632026949445279,-0.626848365129942,0.6719770302916637,0.8202067952450168,-0.4392316498003317
RandomForestMSE,-0.90730212772414,-0.8631509685127721,root_mean_squared_error,0.22059369087219238,0.05748891830444336,20.67380380630493,0.22059369087219238,0.05748891830444336,20.67380380630493,1,True,3,4,-0.8736147291252179,-0.7632026949445279,-0.626848365129942,0.6719770302916637,0.8202067952450168,-0.4392316498003317
ExtraTreesMSE,-0.9114337318902028,-0.8640229909818908,root_mean_squared_error,0.2258434295654297,0.056665658950805664,19.054288387298584,0.2258434295654297,0.056665658950805664,19.054288387298584,1,True,5,4,-0.8736147291252179,-0.7632026949445279,-0.626848365129942,0.6719770302916637,0.8202067952450168,-0.4392316498003317
XGBoost,-0.9342759638327627,-0.8749536470897941,root_mean_squared_error,0.029300451278686523,0.009400129318237305,5.335236549377441,0.029300451278686523,0.009400129318237305,5.335236549377441,1,True,7,4,-0.8736147291252179,-0.7632026949445279,-0.626848365129942,0.6719770302916637,0.8202067952450168,-0.4392316498003317
LightGBMLarge,-0.9570056973598137,-0.9059712574820993,root_mean_squared_error,0.027430057525634766,0.01028132438659668,4.419363021850586,0.027430057525634766,0.01028132438659668,4.419363021850586,1,True,9,4,-0.8736147291252179,-0.7632026949445279,-0.626848365129942,0.6719770302916637,0.8202067952450168,-0.4392316498003317
WeightedEnsemble_L2,-0.8736147291252179,-0.7976243224088978,root_mean_squared_error,0.08759403228759766,0.06484103202819824,59.18554067611694,0.002518177032470703,0.0003762245178222656,0.008734703063964844,2,True,10,5,-0.8736147291252179,-0.7632026949445279,-0.626848365129942,0.6719770302916637,0.8202067952450168,-0.4392316498003317
NeuralNetFastAI,-0.8909954439271287,-0.848875800394877,root_mean_squared_error,0.03256964683532715,0.020419836044311523,3.076140880584717,0.03256964683532715,0.020419836044311523,3.076140880584717,1,True,6,5,-0.8736147291252179,-0.7632026949445279,-0.626848365129942,0.6719770302916637,0.8202067952450168,-0.4392316498003317
NeuralNetTorch,-0.8931560298608999,-0.8289385372676497,root_mean_squared_error,0.017705202102661133,0.009105920791625977,7.18887734413147,0.017705202102661133,0.009105920791625977,7.18887734413147,1,True,8,5,-0.8736147291252179,-0.7632026949445279,-0.626848365129942,0.6719770302916637,0.8202067952450168,-0.4392316498003317
CatBoost,-0.8991998097114818,-0.8196499631389951,root_mean_squared_error,0.04977059364318848,0.047910213470458984,50.55361270904541,0.04977059364318848,0.047910213470458984,50.55361270904541,1,True,4,5,-0.8736147291252179,-0.7632026949445279,-0.626848365129942,0.6719770302916637,0.8202067952450168,-0.4392316498003317
LightGBMXT,-0.9037924319485665,-0.8389288744663007,root_mean_squared_error,0.017600059509277344,0.007448673248291016,1.4343159198760986,0.017600059509277344,0.007448673248291016,1.4343159198760986,1,True,1,5,-0.8736147291252179,-0.7632026949445279,-0.626848365129942,0.6719770302916637,0.8202067952450168,-0.4392316498003317
LightGBM,-0.9037924319485665,-0.8389288744663007,root_mean_squared_error,0.019994497299194336,0.00920867919921875,1.4128456115722656,0.019994497299194336,0.00920867919921875,1.4128456115722656,1,True,2,5,-0.8736147291252179,-0.7632026949445279,-0.626848365129942,0.6719770302916637,0.8202067952450168,-0.4392316498003317
RandomForestMSE,-0.90730212772414,-0.8631509685127721,root_mean_squared_error,0.2138988971710205,0.06747913360595703,21.640737771987915,0.2138988971710205,0.06747913360595703,21.640737771987915,1,True,3,5,-0.8736147291252179,-0.7632026949445279,-0.626848365129942,0.6719770302916637,0.8202067952450168,-0.4392316498003317
ExtraTreesMSE,-0.9114337318902028,-0.8640229909818908,root_mean_squared_error,0.2049417495727539,0.05613875389099121,18.79046082496643,0.2049417495727539,0.05613875389099121,18.79046082496643,1,True,5,5,-0.8736147291252179,-0.7632026949445279,-0.626848365129942,0.6719770302916637,0.8202067952450168,-0.4392316498003317
XGBoost,-0.9342759638327627,-0.8749536470897941,root_mean_squared_error,0.02685689926147461,0.009308099746704102,5.782278537750244,0.02685689926147461,0.009308099746704102,5.782278537750244,1,True,7,5,-0.8736147291252179,-0.7632026949445279,-0.626848365129942,0.6719770302916637,0.8202067952450168,-0.4392316498003317
LightGBMLarge,-0.9570056973598137,-0.9059712574820993,root_mean_squared_error,0.028287887573242188,0.011962175369262695,4.697948932647705,0.028287887573242188,0.011962175369262695,4.697948932647705,1,True,9,5,-0.8736147291252179,-0.7632026949445279,-0.626848365129942,0.6719770302916637,0.8202067952450168,-0.4392316498003317
WeightedEnsemble_L2,-0.8736147291252179,-0.7976243224088978,root_mean_squared_error,0.08730292320251465,0.056488990783691406,58.914453744888306,0.003045797348022461,0.0002944469451904297,0.006408214569091797,2,True,10,6,-0.8736147291252179,-0.7632026949445279,-0.626848365129942,0.6719770302916637,0.8202067952450168,-0.4392316498003317
NeuralNetFastAI,-0.8909954439271287,-0.848875800394877,root_mean_squared_error,0.03344273567199707,0.020123004913330078,3.433340072631836,0.03344273567199707,0.020123004913330078,3.433340072631836,1,True,6,6,-0.8736147291252179,-0.7632026949445279,-0.626848365129942,0.6719770302916637,0.8202067952450168,-0.4392316498003317
NeuralNetTorch,-0.8931560298608999,-0.8289385372676497,root_mean_squared_error,0.01752328872680664,0.007476806640625,7.353432655334473,0.01752328872680664,0.007476806640625,7.353432655334473,1,True,8,6,-0.8736147291252179,-0.7632026949445279,-0.626848365129942,0.6719770302916637,0.8202067952450168,-0.4392316498003317
CatBoost,-0.8991998097114818,-0.8196499631389951,root_mean_squared_error,0.05111074447631836,0.041568756103515625,50.248334884643555,0.05111074447631836,0.041568756103515625,50.248334884643555,1,True,4,6,-0.8736147291252179,-0.7632026949445279,-0.626848365129942,0.6719770302916637,0.8202067952450168,-0.4392316498003317
LightGBM,-0.9037924319485665,-0.8389288744663007,root_mean_squared_error,0.015348434448242188,0.010113000869750977,1.674626350402832,0.015348434448242188,0.010113000869750977,1.674626350402832,1,True,2,6,-0.8736147291252179,-0.7632026949445279,-0.626848365129942,0.6719770302916637,0.8202067952450168,-0.4392316498003317
LightGBMXT,-0.9037924319485665,-0.8389288744663007,root_mean_squared_error,0.015623092651367188,0.0071489810943603516,1.3062779903411865,0.015623092651367188,0.0071489810943603516,1.3062779903411865,1,True,1,6,-0.8736147291252179,-0.7632026949445279,-0.626848365129942,0.6719770302916637,0.8202067952450168,-0.4392316498003317
RandomForestMSE,-0.90730212772414,-0.8631509685127721,root_mean_squared_error,0.21532607078552246,0.06390810012817383,21.270067930221558,0.21532607078552246,0.06390810012817383,21.270067930221558,1,True,3,6,-0.8736147291252179,-0.7632026949445279,-0.626848365129942,0.6719770302916637,0.8202067952450168,-0.4392316498003317
ExtraTreesMSE,-0.9114337318902028,-0.8640229909818908,root_mean_squared_error,0.21576428413391113,0.056711673736572266,19.186006784439087,0.21576428413391113,0.056711673736572266,19.186006784439087,1,True,5,6,-0.8736147291252179,-0.7632026949445279,-0.626848365129942,0.6719770302916637,0.8202067952450168,-0.4392316498003317
XGBoost,-0.9342759638327627,-0.8749536470897941,root_mean_squared_error,0.024022817611694336,0.011761903762817383,5.564237356185913,0.024022817611694336,0.011761903762817383,5.564237356185913,1,True,7,6,-0.8736147291252179,-0.7632026949445279,-0.626848365129942,0.6719770302916637,0.8202067952450168,-0.4392316498003317
LightGBMLarge,-0.9570056973598137,-0.9059712574820993,root_mean_squared_error,0.019290447235107422,0.00856471061706543,4.833200693130493,0.019290447235107422,0.00856471061706543,4.833200693130493,1,True,9,6,-0.8736147291252179,-0.7632026949445279,-0.626848365129942,0.6719770302916637,0.8202067952450168,-0.4392316498003317
WeightedEnsemble_L2,-0.8736147291252179,-0.7976243224088978,root_mean_squared_error,0.0963282585144043,0.061604976654052734,58.473111391067505,0.0035333633422851562,0.0002899169921875,0.0064737796783447266,2,True,10,7,-0.8736147291252179,-0.7632026949445279,-0.626848365129942,0.6719770302916637,0.8202067952450168,-0.4392316498003317
NeuralNetFastAI,-0.8909954439271287,-0.848875800394877,root_mean_squared_error,0.04341411590576172,0.04025125503540039,4.130447149276733,0.04341411590576172,0.04025125503540039,4.130447149276733,1,True,6,7,-0.8736147291252179,-0.7632026949445279,-0.626848365129942,0.6719770302916637,0.8202067952450168,-0.4392316498003317
NeuralNetTorch,-0.8931560298608999,-0.8289385372676497,root_mean_squared_error,0.017932415008544922,0.007733345031738281,6.781466245651245,0.017932415008544922,0.007733345031738281,6.781466245651245,1,True,8,7,-0.8736147291252179,-0.7632026949445279,-0.626848365129942,0.6719770302916637,0.8202067952450168,-0.4392316498003317
CatBoost,-0.8991998097114818,-0.8196499631389951,root_mean_squared_error,0.05943012237548828,0.043363094329833984,50.03447437286377,0.05943012237548828,0.043363094329833984,50.03447437286377,1,True,4,7,-0.8736147291252179,-0.7632026949445279,-0.626848365129942,0.6719770302916637,0.8202067952450168,-0.4392316498003317
LightGBMXT,-0.9037924319485665,-0.8389288744663007,root_mean_squared_error,0.015432357788085938,0.010218620300292969,1.6506969928741455,0.015432357788085938,0.010218620300292969,1.6506969928741455,1,True,1,7,-0.8736147291252179,-0.7632026949445279,-0.626848365129942,0.6719770302916637,0.8202067952450168,-0.4392316498003317
LightGBM,-0.9037924319485665,-0.8389288744663007,root_mean_squared_error,0.016617536544799805,0.0077707767486572266,1.5239157676696777,0.016617536544799805,0.0077707767486572266,1.5239157676696777,1,True,2,7,-0.8736147291252179,-0.7632026949445279,-0.626848365129942,0.6719770302916637,0.8202067952450168,-0.4392316498003317
RandomForestMSE,-0.90730212772414,-0.8631509685127721,root_mean_squared_error,0.22565889358520508,0.05768227577209473,21.172713041305542,0.22565889358520508,0.05768227577209473,21.172713041305542,1,True,3,7,-0.8736147291252179,-0.7632026949445279,-0.626848365129942,0.6719770302916637,0.8202067952450168,-0.4392316498003317
ExtraTreesMSE,-0.9114337318902028,-0.8640229909818908,root_mean_squared_error,0.19727182388305664,0.05908966064453125,18.924721002578735,0.19727182388305664,0.05908966064453125,18.924721002578735,1,True,5,7,-0.8736147291252179,-0.7632026949445279,-0.626848365129942,0.6719770302916637,0.8202067952450168,-0.4392316498003317
XGBoost,-0.9342759638327627,-0.8749536470897941,root_mean_squared_error,0.03408217430114746,0.010835647583007812,5.457764625549316,0.03408217430114746,0.010835647583007812,5.457764625549316,1,True,7,7,-0.8736147291252179,-0.7632026949445279,-0.626848365129942,0.6719770302916637,0.8202067952450168,-0.4392316498003317
LightGBMLarge,-0.9570056973598137,-0.9059712574820993,root_mean_squared_error,0.02927684783935547,0.00797891616821289,4.17047643661499,0.02927684783935547,0.00797891616821289,4.17047643661499,1,True,9,7,-0.8736147291252179,-0.7632026949445279,-0.626848365129942,0.6719770302916637,0.8202067952450168,-0.4392316498003317
WeightedEnsemble_L2,-0.8736147291252179,-0.7976243224088978,root_mean_squared_error,0.0902414321899414,0.0607304573059082,59.152037382125854,0.002464771270751953,0.00032639503479003906,0.0060536861419677734,2,True,10,8,-0.8736147291252179,-0.7632026949445279,-0.626848365129942,0.6719770302916637,0.8202067952450168,-0.4392316498003317
NeuralNetFastAI,-0.8909954439271287,-0.848875800394877,root_mean_squared_error,0.035448312759399414,0.015479564666748047,4.002766847610474,0.035448312759399414,0.015479564666748047,4.002766847610474,1,True,6,8,-0.8736147291252179,-0.7632026949445279,-0.626848365129942,0.6719770302916637,0.8202067952450168,-0.4392316498003317
NeuralNetTorch,-0.8931560298608999,-0.8289385372676497,root_mean_squared_error,0.017936229705810547,0.007482767105102539,7.069687843322754,0.017936229705810547,0.007482767105102539,7.069687843322754,1,True,8,8,-0.8736147291252179,-0.7632026949445279,-0.626848365129942,0.6719770302916637,0.8202067952450168,-0.4392316498003317
CatBoost,-0.8991998097114818,-0.8196499631389951,root_mean_squared_error,0.05092215538024902,0.04276585578918457,50.302995443344116,0.05092215538024902,0.04276585578918457,50.302995443344116,1,True,4,8,-0.8736147291252179,-0.7632026949445279,-0.626848365129942,0.6719770302916637,0.8202067952450168,-0.4392316498003317
LightGBM,-0.9037924319485665,-0.8389288744663007,root_mean_squared_error,0.018171072006225586,0.00741267204284668,1.341059684753418,0.018171072006225586,0.00741267204284668,1.341059684753418,1,True,2,8,-0.8736147291252179,-0.7632026949445279,-0.626848365129942,0.6719770302916637,0.8202067952450168,-0.4392316498003317
LightGBMXT,-0.9037924319485665,-0.8389288744663007,root_mean_squared_error,0.018918275833129883,0.010155439376831055,1.7733004093170166,0.018918275833129883,0.010155439376831055,1.7733004093170166,1,True,1,8,-0.8736147291252179,-0.7632026949445279,-0.626848365129942,0.6719770302916637,0.8202067952450168,-0.4392316498003317
RandomForestMSE,-0.90730212772414,-0.8631509685127721,root_mean_squared_error,0.2120378017425537,0.06562542915344238,20.855947256088257,0.2120378017425537,0.06562542915344238,20.855947256088257,1,True,3,8,-0.8736147291252179,-0.7632026949445279,-0.626848365129942,0.6719770302916637,0.8202067952450168,-0.4392316498003317
ExtraTreesMSE,-0.9114337318902028,-0.8640229909818908,root_mean_squared_error,0.2006993293762207,0.055715084075927734,17.43852186203003,0.2006993293762207,0.055715084075927734,17.43852186203003,1,True,5,8,-0.8736147291252179,-0.7632026949445279,-0.626848365129942,0.6719770302916637,0.8202067952450168,-0.4392316498003317
XGBoost,-0.9342759638327627,-0.8749536470897941,root_mean_squared_error,0.02703404426574707,0.011749029159545898,5.142042398452759,0.02703404426574707,0.011749029159545898,5.142042398452759,1,True,7,8,-0.8736147291252179,-0.7632026949445279,-0.626848365129942,0.6719770302916637,0.8202067952450168,-0.4392316498003317
LightGBMLarge,-0.9570056973598137,-0.9059712574820993,root_mean_squared_error,0.023826122283935547,0.008400678634643555,4.7811665534973145,0.023826122283935547,0.008400678634643555,4.7811665534973145,1,True,9,8,-0.8736147291252179,-0.7632026949445279,-0.626848365129942,0.6719770302916637,0.8202067952450168,-0.4392316498003317
WeightedEnsemble_L2,-0.8736147291252179,-0.7976243224088978,root_mean_squared_error,0.11236858367919922,0.06295990943908691,58.89003849029541,0.0029680728912353516,0.0003228187561035156,0.008414745330810547,2,True,10,9,-0.8736147291252179,-0.7632026949445279,-0.626848365129942,0.6719770302916637,0.8202067952450168,-0.4392316498003317
NeuralNetFastAI,-0.8909954439271287,-0.848875800394877,root_mean_squared_error,0.03957796096801758,0.0194852352142334,3.9721086025238037,0.03957796096801758,0.0194852352142334,3.9721086025238037,1,True,6,9,-0.8736147291252179,-0.7632026949445279,-0.626848365129942,0.6719770302916637,0.8202067952450168,-0.4392316498003317
NeuralNetTorch,-0.8931560298608999,-0.8289385372676497,root_mean_squared_error,0.02273845672607422,0.010602951049804688,7.096141576766968,0.02273845672607422,0.010602951049804688,7.096141576766968,1,True,8,9,-0.8736147291252179,-0.7632026949445279,-0.626848365129942,0.6719770302916637,0.8202067952450168,-0.4392316498003317
CatBoost,-0.8991998097114818,-0.8196499631389951,root_mean_squared_error,0.06741690635681152,0.04186534881591797,50.00178337097168,0.06741690635681152,0.04186534881591797,50.00178337097168,1,True,4,9,-0.8736147291252179,-0.7632026949445279,-0.626848365129942,0.6719770302916637,0.8202067952450168,-0.4392316498003317
LightGBMXT,-0.9037924319485665,-0.8389288744663007,root_mean_squared_error,0.019245147705078125,0.010168790817260742,1.7836987972259521,0.019245147705078125,0.010168790817260742,1.7836987972259521,1,True,1,9,-0.8736147291252179,-0.7632026949445279,-0.626848365129942,0.6719770302916637,0.8202067952450168,-0.4392316498003317
LightGBM,-0.9037924319485665,-0.8389288744663007,root_mean_squared_error,0.019970178604125977,0.007838249206542969,1.3636746406555176,0.019970178604125977,0.007838249206542969,1.3636746406555176,1,True,2,9,-0.8736147291252179,-0.7632026949445279,-0.626848365129942,0.6719770302916637,0.8202067952450168,-0.4392316498003317
RandomForestMSE,-0.90730212772414,-0.8631509685127721,root_mean_squared_error,0.23700189590454102,0.06747174263000488,20.73349142074585,0.23700189590454102,0.06747174263000488,20.73349142074585,1,True,3,9,-0.8736147291252179,-0.7632026949445279,-0.626848365129942,0.6719770302916637,0.8202067952450168,-0.4392316498003317
ExtraTreesMSE,-0.9114337318902028,-0.8640229909818908,root_mean_squared_error,0.21756577491760254,0.0454106330871582,19.183058261871338,0.21756577491760254,0.0454106330871582,19.183058261871338,1,True,5,9,-0.8736147291252179,-0.7632026949445279,-0.626848365129942,0.6719770302916637,0.8202067952450168,-0.4392316498003317
XGBoost,-0.9342759638327627,-0.8749536470897941,root_mean_squared_error,0.03649544715881348,0.009104251861572266,5.63282036781311,0.03649544715881348,0.009104251861572266,5.63282036781311,1,True,7,9,-0.8736147291252179,-0.7632026949445279,-0.626848365129942,0.6719770302916637,0.8202067952450168,-0.4392316498003317
LightGBMLarge,-0.9570056973598137,-0.9059712574820993,root_mean_squared_error,0.026509761810302734,0.011103630065917969,4.656575441360474,0.026509761810302734,0.011103630065917969,4.656575441360474,1,True,9,9,-0.8736147291252179,-0.7632026949445279,-0.626848365129942,0.6719770302916637,0.8202067952450168,-0.4392316498003317
WeightedEnsemble_L2,-0.8736147291252179,-0.7976243224088978,root_mean_squared_error,0.0943603515625,0.05963444709777832,57.17833995819092,0.003035306930541992,0.0002837181091308594,0.0059947967529296875,2,True,10,10,-0.8736147291252179,-0.7632026949445279,-0.626848365129942,0.6719770302916637,0.8202067952450168,-0.4392316498003317
NeuralNetFastAI,-0.8909954439271287,-0.848875800394877,root_mean_squared_error,0.03609013557434082,0.022258996963500977,4.079287052154541,0.03609013557434082,0.022258996963500977,4.079287052154541,1,True,6,10,-0.8736147291252179,-0.7632026949445279,-0.626848365129942,0.6719770302916637,0.8202067952450168,-0.4392316498003317
NeuralNetTorch,-0.8931560298608999,-0.8289385372676497,root_mean_squared_error,0.018961191177368164,0.007677555084228516,6.658218622207642,0.018961191177368164,0.007677555084228516,6.658218622207642,1,True,8,10,-0.8736147291252179,-0.7632026949445279,-0.626848365129942,0.6719770302916637,0.8202067952450168,-0.4392316498003317
CatBoost,-0.8991998097114818,-0.8196499631389951,root_mean_squared_error,0.05629682540893555,0.0433804988861084,49.21478509902954,0.05629682540893555,0.0433804988861084,49.21478509902954,1,True,4,10,-0.8736147291252179,-0.7632026949445279,-0.626848365129942,0.6719770302916637,0.8202067952450168,-0.4392316498003317
LightGBM,-0.9037924319485665,-0.8389288744663007,root_mean_squared_error,0.015862703323364258,0.007542848587036133,1.251452922821045,0.015862703323364258,0.007542848587036133,1.251452922821045,1,True,2,10,-0.8736147291252179,-0.7632026949445279,-0.626848365129942,0.6719770302916637,0.8202067952450168,-0.4392316498003317
LightGBMXT,-0.9037924319485665,-0.8389288744663007,root_mean_squared_error,0.016067028045654297,0.008292675018310547,1.2993414402008057,0.016067028045654297,0.008292675018310547,1.2993414402008057,1,True,1,10,-0.8736147291252179,-0.7632026949445279,-0.626848365129942,0.6719770302916637,0.8202067952450168,-0.4392316498003317
RandomForestMSE,-0.90730212772414,-0.8631509685127721,root_mean_squared_error,0.20873260498046875,0.0568697452545166,20.597386598587036,0.20873260498046875,0.0568697452545166,20.597386598587036,1,True,3,10,-0.8736147291252179,-0.7632026949445279,-0.626848365129942,0.6719770302916637,0.8202067952450168,-0.4392316498003317
ExtraTreesMSE,-0.9114337318902028,-0.8640229909818908,root_mean_squared_error,0.23483824729919434,0.08136343955993652,19.2566339969635,0.23483824729919434,0.08136343955993652,19.2566339969635,1,True,5,10,-0.8736147291252179,-0.7632026949445279,-0.626848365129942,0.6719770302916637,0.8202067952450168,-0.4392316498003317
XGBoost,-0.9342759638327627,-0.8749536470897941,root_mean_squared_error,0.029872655868530273,0.00923776626586914,5.685102939605713,0.029872655868530273,0.00923776626586914,5.685102939605713,1,True,7,10,-0.8736147291252179,-0.7632026949445279,-0.626848365129942,0.6719770302916637,0.8202067952450168,-0.4392316498003317
LightGBMLarge,-0.9570056973598137,-0.9059712574820993,root_mean_squared_error,0.036391258239746094,0.008607864379882812,3.8551268577575684,0.036391258239746094,0.008607864379882812,3.8551268577575684,1,True,9,10,-0.8736147291252179,-0.7632026949445279,-0.626848365129942,0.6719770302916637,0.8202067952450168,-0.4392316498003317
WeightedEnsemble_L2,-0.8736147291252179,-0.7976243224088978,root_mean_squared_error,0.10658383369445801,0.05629372596740723,58.39781355857849,0.002448558807373047,0.0003972053527832031,0.006532430648803711,2,True,10,11,-0.8736147291252179,-0.7632026949445279,-0.626848365129942,0.6719770302916637,0.8202067952450168,-0.4392316498003317
NeuralNetFastAI,-0.8909954439271287,-0.848875800394877,root_mean_squared_error,0.03918719291687012,0.019219160079956055,4.082128286361694,0.03918719291687012,0.019219160079956055,4.082128286361694,1,True,6,11,-0.8736147291252179,-0.7632026949445279,-0.626848365129942,0.6719770302916637,0.8202067952450168,-0.4392316498003317
NeuralNetTorch,-0.8931560298608999,-0.8289385372676497,root_mean_squared_error,0.03361320495605469,0.0075604915618896484,6.964268207550049,0.03361320495605469,0.0075604915618896484,6.964268207550049,1,True,8,11,-0.8736147291252179,-0.7632026949445279,-0.626848365129942,0.6719770302916637,0.8202067952450168,-0.4392316498003317
CatBoost,-0.8991998097114818,-0.8196499631389951,root_mean_squared_error,0.05410027503967285,0.0409698486328125,50.14974784851074,0.05410027503967285,0.0409698486328125,50.14974784851074,1,True,4,11,-0.8736147291252179,-0.7632026949445279,-0.626848365129942,0.6719770302916637,0.8202067952450168,-0.4392316498003317
LightGBM,-0.9037924319485665,-0.8389288744663007,root_mean_squared_error,0.01600956916809082,0.007680654525756836,1.3633086681365967,0.01600956916809082,0.007680654525756836,1.3633086681365967,1,True,2,11,-0.8736147291252179,-0.7632026949445279,-0.626848365129942,0.6719770302916637,0.8202067952450168,-0.4392316498003317
LightGBMXT,-0.9037924319485665,-0.8389288744663007,root_mean_squared_error,0.016421794891357422,0.007366180419921875,1.2772650718688965,0.016421794891357422,0.007366180419921875,1.2772650718688965,1,True,1,11,-0.8736147291252179,-0.7632026949445279,-0.626848365129942,0.6719770302916637,0.8202067952450168,-0.4392316498003317
RandomForestMSE,-0.90730212772414,-0.8631509685127721,root_mean_squared_error,0.22052454948425293,0.0561823844909668,20.4278404712677,0.22052454948425293,0.0561823844909668,20.4278404712677,1,True,3,11,-0.8736147291252179,-0.7632026949445279,-0.626848365129942,0.6719770302916637,0.8202067952450168,-0.4392316498003317
ExtraTreesMSE,-0.9114337318902028,-0.8640229909818908,root_mean_squared_error,0.20499277114868164,0.0702214241027832,18.905572175979614,0.20499277114868164,0.0702214241027832,18.905572175979614,1,True,5,11,-0.8736147291252179,-0.7632026949445279,-0.626848365129942,0.6719770302916637,0.8202067952450168,-0.4392316498003317
XGBoost,-0.9342759638327627,-0.8749536470897941,root_mean_squared_error,0.029125690460205078,0.011531591415405273,5.456708192825317,0.029125690460205078,0.011531591415405273,5.456708192825317,1,True,7,11,-0.8736147291252179,-0.7632026949445279,-0.626848365129942,0.6719770302916637,0.8202067952450168,-0.4392316498003317
LightGBMLarge,-0.9570056973598137,-0.9059712574820993,root_mean_squared_error,0.025872230529785156,0.0085906982421875,4.720449209213257,0.025872230529785156,0.0085906982421875,4.720449209213257,1,True,9,11,-0.8736147291252179,-0.7632026949445279,-0.626848365129942,0.6719770302916637,0.8202067952450168,-0.4392316498003317
WeightedEnsemble_L2,-0.8736147291252179,-0.7976243224088978,root_mean_squared_error,0.11228728294372559,0.05797553062438965,58.010151386260986,0.00263214111328125,0.0002846717834472656,0.006090641021728516,2,True,10,12,-0.8736147291252179,-0.7632026949445279,-0.626848365129942,0.6719770302916637,0.8202067952450168,-0.4392316498003317
NeuralNetFastAI,-0.8909954439271287,-0.848875800394877,root_mean_squared_error,0.05882692337036133,0.018498659133911133,4.312238454818726,0.05882692337036133,0.018498659133911133,4.312238454818726,1,True,6,12,-0.8736147291252179,-0.7632026949445279,-0.626848365129942,0.6719770302916637,0.8202067952450168,-0.4392316498003317
NeuralNetTorch,-0.8931560298608999,-0.8289385372676497,root_mean_squared_error,0.01748824119567871,0.007626533508300781,6.989620208740234,0.01748824119567871,0.007626533508300781,6.989620208740234,1,True,8,12,-0.8736147291252179,-0.7632026949445279,-0.626848365129942,0.6719770302916637,0.8202067952450168,-0.4392316498003317
CatBoost,-0.8991998097114818,-0.8196499631389951,root_mean_squared_error,0.07436609268188477,0.04221844673156738,49.68676567077637,0.07436609268188477,0.04221844673156738,49.68676567077637,1,True,4,12,-0.8736147291252179,-0.7632026949445279,-0.626848365129942,0.6719770302916637,0.8202067952450168,-0.4392316498003317
LightGBM,-0.9037924319485665,-0.8389288744663007,root_mean_squared_error,0.017677783966064453,0.007607221603393555,1.2847211360931396,0.017677783966064453,0.007607221603393555,1.2847211360931396,1,True,2,12,-0.8736147291252179,-0.7632026949445279,-0.626848365129942,0.6719770302916637,0.8202067952450168,-0.4392316498003317
LightGBMXT,-0.9037924319485665,-0.8389288744663007,root_mean_squared_error,0.01780080795288086,0.007845878601074219,1.3276748657226562,0.01780080795288086,0.007845878601074219,1.3276748657226562,1,True,1,12,-0.8736147291252179,-0.7632026949445279,-0.626848365129942,0.6719770302916637,0.8202067952450168,-0.4392316498003317
RandomForestMSE,-0.90730212772414,-0.8631509685127721,root_mean_squared_error,0.2525620460510254,0.06065201759338379,21.384480714797974,0.2525620460510254,0.06065201759338379,21.384480714797974,1,True,3,12,-0.8736147291252179,-0.7632026949445279,-0.626848365129942,0.6719770302916637,0.8202067952450168,-0.4392316498003317
ExtraTreesMSE,-0.9114337318902028,-0.8640229909818908,root_mean_squared_error,0.23325467109680176,0.06916689872741699,19.410585165023804,0.23325467109680176,0.06916689872741699,19.410585165023804,1,True,5,12,-0.8736147291252179,-0.7632026949445279,-0.626848365129942,0.6719770302916637,0.8202067952450168,-0.4392316498003317
XGBoost,-0.9342759638327627,-0.8749536470897941,root_mean_squared_error,0.03468203544616699,0.009566068649291992,5.41225528717041,0.03468203544616699,0.009566068649291992,5.41225528717041,1,True,7,12,-0.8736147291252179,-0.7632026949445279,-0.626848365129942,0.6719770302916637,0.8202067952450168,-0.4392316498003317
LightGBMLarge,-0.9570056973598137,-0.9059712574820993,root_mean_squared_error,0.027446746826171875,0.008392810821533203,3.8780856132507324,0.027446746826171875,0.008392810821533203,3.8780856132507324,1,True,9,12,-0.8736147291252179,-0.7632026949445279,-0.626848365129942,0.6719770302916637,0.8202067952450168,-0.4392316498003317
WeightedEnsemble_L2,-0.8736147291252179,-0.7976243224088978,root_mean_squared_error,0.1234743595123291,0.06147885322570801,60.33757781982422,0.0029370784759521484,0.00034356117248535156,0.008487701416015625,2,True,10,13,-0.8736147291252179,-0.7632026949445279,-0.626848365129942,0.6719770302916637,0.8202067952450168,-0.4392316498003317
NeuralNetFastAI,-0.8909954439271287,-0.848875800394877,root_mean_squared_error,0.03707385063171387,0.014885425567626953,3.715101480484009,0.03707385063171387,0.014885425567626953,3.715101480484009,1,True,6,13,-0.8736147291252179,-0.7632026949445279,-0.626848365129942,0.6719770302916637,0.8202067952450168,-0.4392316498003317
NeuralNetTorch,-0.8931560298608999,-0.8289385372676497,root_mean_squared_error,0.020969152450561523,0.011055946350097656,7.194169044494629,0.020969152450561523,0.011055946350097656,7.194169044494629,1,True,8,13,-0.8736147291252179,-0.7632026949445279,-0.626848365129942,0.6719770302916637,0.8202067952450168,-0.4392316498003317
CatBoost,-0.8991998097114818,-0.8196499631389951,root_mean_squared_error,0.07689094543457031,0.04252195358276367,51.66954708099365,0.07689094543457031,0.04252195358276367,51.66954708099365,1,True,4,13,-0.8736147291252179,-0.7632026949445279,-0.626848365129942,0.6719770302916637,0.8202067952450168,-0.4392316498003317
LightGBM,-0.9037924319485665,-0.8389288744663007,root_mean_squared_error,0.02159881591796875,0.007027626037597656,1.255429983139038,0.02159881591796875,0.007027626037597656,1.255429983139038,1,True,2,13,-0.8736147291252179,-0.7632026949445279,-0.626848365129942,0.6719770302916637,0.8202067952450168,-0.4392316498003317
LightGBMXT,-0.9037924319485665,-0.8389288744663007,root_mean_squared_error,0.022677183151245117,0.007557392120361328,1.4653739929199219,0.022677183151245117,0.007557392120361328,1.4653739929199219,1,True,1,13,-0.8736147291252179,-0.7632026949445279,-0.626848365129942,0.6719770302916637,0.8202067952450168,-0.4392316498003317
RandomForestMSE,-0.90730212772414,-0.8631509685127721,root_mean_squared_error,0.23460888862609863,0.05643129348754883,20.853415727615356,0.23460888862609863,0.05643129348754883,20.853415727615356,1,True,3,13,-0.8736147291252179,-0.7632026949445279,-0.626848365129942,0.6719770302916637,0.8202067952450168,-0.4392316498003317
ExtraTreesMSE,-0.9114337318902028,-0.8640229909818908,root_mean_squared_error,0.22639226913452148,0.06236672401428223,18.85316276550293,0.22639226913452148,0.06236672401428223,18.85316276550293,1,True,5,13,-0.8736147291252179,-0.7632026949445279,-0.626848365129942,0.6719770302916637,0.8202067952450168,-0.4392316498003317
XGBoost,-0.9342759638327627,-0.8749536470897941,root_mean_squared_error,0.027304649353027344,0.009278297424316406,4.697385787963867,0.027304649353027344,0.009278297424316406,4.697385787963867,1,True,7,13,-0.8736147291252179,-0.7632026949445279,-0.626848365129942,0.6719770302916637,0.8202067952450168,-0.4392316498003317
LightGBMLarge,-0.9570056973598137,-0.9059712574820993,root_mean_squared_error,0.02524280548095703,0.011769294738769531,4.778905153274536,0.02524280548095703,0.011769294738769531,4.778905153274536,1,True,9,13,-0.8736147291252179,-0.7632026949445279,-0.626848365129942,0.6719770302916637,0.8202067952450168,-0.4392316498003317
WeightedEnsemble_L2,-0.8736147291252179,-0.7976243224088978,root_mean_squared_error,0.10919451713562012,0.05997514724731445,58.559260845184326,0.002933979034423828,0.0002989768981933594,0.006814002990722656,2,True,10,14,-0.8736147291252179,-0.7632026949445279,-0.626848365129942,0.6719770302916637,0.8202067952450168,-0.4392316498003317
NeuralNetFastAI,-0.8909954439271287,-0.848875800394877,root_mean_squared_error,0.03250265121459961,0.014985084533691406,4.063133001327515,0.03250265121459961,0.014985084533691406,4.063133001327515,1,True,6,14,-0.8736147291252179,-0.7632026949445279,-0.626848365129942,0.6719770302916637,0.8202067952450168,-0.4392316498003317
NeuralNetTorch,-0.8931560298608999,-0.8289385372676497,root_mean_squared_error,0.018049001693725586,0.009245634078979492,7.5783164501190186,0.018049001693725586,0.009245634078979492,7.5783164501190186,1,True,8,14,-0.8736147291252179,-0.7632026949445279,-0.626848365129942,0.6719770302916637,0.8202067952450168,-0.4392316498003317
CatBoost,-0.8991998097114818,-0.8196499631389951,root_mean_squared_error,0.06825685501098633,0.042912960052490234,49.56084418296814,0.06825685501098633,0.042912960052490234,49.56084418296814,1,True,4,14,-0.8736147291252179,-0.7632026949445279,-0.626848365129942,0.6719770302916637,0.8202067952450168,-0.4392316498003317
LightGBM,-0.9037924319485665,-0.8389288744663007,root_mean_squared_error,0.018576860427856445,0.010219097137451172,1.5002081394195557,0.018576860427856445,0.010219097137451172,1.5002081394195557,1,True,2,14,-0.8736147291252179,-0.7632026949445279,-0.626848365129942,0.6719770302916637,0.8202067952450168,-0.4392316498003317
LightGBMXT,-0.9037924319485665,-0.8389288744663007,root_mean_squared_error,0.019954681396484375,0.007517576217651367,1.4132862091064453,0.019954681396484375,0.007517576217651367,1.4132862091064453,1,True,1,14,-0.8736147291252179,-0.7632026949445279,-0.626848365129942,0.6719770302916637,0.8202067952450168,-0.4392316498003317
RandomForestMSE,-0.90730212772414,-0.8631509685127721,root_mean_squared_error,0.20535707473754883,0.06928539276123047,20.826876878738403,0.20535707473754883,0.06928539276123047,20.826876878738403,1,True,3,14,-0.8736147291252179,-0.7632026949445279,-0.626848365129942,0.6719770302916637,0.8202067952450168,-0.4392316498003317
ExtraTreesMSE,-0.9114337318902028,-0.8640229909818908,root_mean_squared_error,0.2138354778289795,0.0678868293762207,18.54640007019043,0.2138354778289795,0.0678868293762207,18.54640007019043,1,True,5,14,-0.8736147291252179,-0.7632026949445279,-0.626848365129942,0.6719770302916637,0.8202067952450168,-0.4392316498003317
XGBoost,-0.9342759638327627,-0.8749536470897941,root_mean_squared_error,0.0288088321685791,0.009444713592529297,5.587026834487915,0.0288088321685791,0.009444713592529297,5.587026834487915,1,True,7,14,-0.8736147291252179,-0.7632026949445279,-0.626848365129942,0.6719770302916637,0.8202067952450168,-0.4392316498003317
LightGBMLarge,-0.9570056973598137,-0.9059712574820993,root_mean_squared_error,0.03134012222290039,0.012202739715576172,4.774219274520874,0.03134012222290039,0.012202739715576172,4.774219274520874,1,True,9,14,-0.8736147291252179,-0.7632026949445279,-0.626848365129942,0.6719770302916637,0.8202067952450168,-0.4392316498003317
WeightedEnsemble_L2,-0.8736147291252179,-0.7976243224088978,root_mean_squared_error,0.0931248664855957,0.05897998809814453,59.60061049461365,0.0020189285278320312,0.0002963542938232422,0.0059795379638671875,2,True,10,15,-0.8736147291252179,-0.7632026949445279,-0.626848365129942,0.6719770302916637,0.8202067952450168,-0.4392316498003317
NeuralNetFastAI,-0.8909954439271287,-0.848875800394877,root_mean_squared_error,0.08952212333679199,0.017737865447998047,3.9775278568267822,0.08952212333679199,0.017737865447998047,3.9775278568267822,1,True,6,15,-0.8736147291252179,-0.7632026949445279,-0.626848365129942,0.6719770302916637,0.8202067952450168,-0.4392316498003317
NeuralNetTorch,-0.8931560298608999,-0.8289385372676497,root_mean_squared_error,0.01905989646911621,0.007661104202270508,7.507737636566162,0.01905989646911621,0.007661104202270508,7.507737636566162,1,True,8,15,-0.8736147291252179,-0.7632026949445279,-0.626848365129942,0.6719770302916637,0.8202067952450168,-0.4392316498003317
CatBoost,-0.8991998097114818,-0.8196499631389951,root_mean_squared_error,0.05635809898376465,0.04182863235473633,50.76417684555054,0.05635809898376465,0.04182863235473633,50.76417684555054,1,True,4,15,-0.8736147291252179,-0.7632026949445279,-0.626848365129942,0.6719770302916637,0.8202067952450168,-0.4392316498003317
LightGBMXT,-0.9037924319485665,-0.8389288744663007,root_mean_squared_error,0.015687942504882812,0.009193897247314453,1.322716474533081,0.015687942504882812,0.009193897247314453,1.322716474533081,1,True,1,15,-0.8736147291252179,-0.7632026949445279,-0.626848365129942,0.6719770302916637,0.8202067952450168,-0.4392316498003317
LightGBM,-0.9037924319485665,-0.8389288744663007,root_mean_squared_error,0.015748977661132812,0.009911060333251953,1.6335859298706055,0.015748977661132812,0.009911060333251953,1.6335859298706055,1,True,2,15,-0.8736147291252179,-0.7632026949445279,-0.626848365129942,0.6719770302916637,0.8202067952450168,-0.4392316498003317
RandomForestMSE,-0.90730212772414,-0.8631509685127721,root_mean_squared_error,0.221174955368042,0.05189871788024902,21.1792733669281,0.221174955368042,0.05189871788024902,21.1792733669281,1,True,3,15,-0.8736147291252179,-0.7632026949445279,-0.626848365129942,0.6719770302916637,0.8202067952450168,-0.4392316498003317
ExtraTreesMSE,-0.9114337318902028,-0.8640229909818908,root_mean_squared_error,0.19078373908996582,0.06902098655700684,18.848816633224487,0.19078373908996582,0.06902098655700684,18.848816633224487,1,True,5,15,-0.8736147291252179,-0.7632026949445279,-0.626848365129942,0.6719770302916637,0.8202067952450168,-0.4392316498003317
XGBoost,-0.9342759638327627,-0.8749536470897941,root_mean_squared_error,0.025682926177978516,0.011563777923583984,5.555406093597412,0.025682926177978516,0.011563777923583984,5.555406093597412,1,True,7,15,-0.8736147291252179,-0.7632026949445279,-0.626848365129942,0.6719770302916637,0.8202067952450168,-0.4392316498003317
LightGBMLarge,-0.9570056973598137,-0.9059712574820993,root_mean_squared_error,0.01898503303527832,0.008502483367919922,4.735313892364502,0.01898503303527832,0.008502483367919922,4.735313892364502,1,True,9,15,-0.8736147291252179,-0.7632026949445279,-0.626848365129942,0.6719770302916637,0.8202067952450168,-0.4392316498003317
WeightedEnsemble_L2,-0.8736147291252179,-0.7976243224088978,root_mean_squared_error,0.11180853843688965,0.06395816802978516,59.901472091674805,0.0024514198303222656,0.0003383159637451172,0.008002281188964844,2,True,10,16,-0.8736147291252179,-0.7632026949445279,-0.626848365129942,0.6719770302916637,0.8202067952450168,-0.4392316498003317
NeuralNetFastAI,-0.8909954439271287,-0.848875800394877,root_mean_squared_error,0.03983902931213379,0.01553034782409668,4.072519063949585,0.03983902931213379,0.01553034782409668,4.072519063949585,1,True,6,16,-0.8736147291252179,-0.7632026949445279,-0.626848365129942,0.6719770302916637,0.8202067952450168,-0.4392316498003317
NeuralNetTorch,-0.8931560298608999,-0.8289385372676497,root_mean_squared_error,0.022243261337280273,0.010836362838745117,7.373423099517822,0.022243261337280273,0.010836362838745117,7.373423099517822,1,True,8,16,-0.8736147291252179,-0.7632026949445279,-0.626848365129942,0.6719770302916637,0.8202067952450168,-0.4392316498003317
CatBoost,-0.8991998097114818,-0.8196499631389951,root_mean_squared_error,0.06686115264892578,0.04344964027404785,50.78391790390015,0.06686115264892578,0.04344964027404785,50.78391790390015,1,True,4,16,-0.8736147291252179,-0.7632026949445279,-0.626848365129942,0.6719770302916637,0.8202067952450168,-0.4392316498003317
LightGBM,-0.9037924319485665,-0.8389288744663007,root_mean_squared_error,0.020152807235717773,0.009664773941040039,1.388002634048462,0.020152807235717773,0.009664773941040039,1.388002634048462,1,True,2,16,-0.8736147291252179,-0.7632026949445279,-0.626848365129942,0.6719770302916637,0.8202067952450168,-0.4392316498003317
LightGBMXT,-0.9037924319485665,-0.8389288744663007,root_mean_squared_error,0.020252704620361328,0.00933384895324707,1.736128807067871,0.020252704620361328,0.00933384895324707,1.736128807067871,1,True,1,16,-0.8736147291252179,-0.7632026949445279,-0.626848365129942,0.6719770302916637,0.8202067952450168,-0.4392316498003317
RandomForestMSE,-0.90730212772414,-0.8631509685127721,root_mean_squared_error,0.20666217803955078,0.05611753463745117,21.0349543094635,0.20666217803955078,0.05611753463745117,21.0349543094635,1,True,3,16,-0.8736147291252179,-0.7632026949445279,-0.626848365129942,0.6719770302916637,0.8202067952450168,-0.4392316498003317
ExtraTreesMSE,-0.9114337318902028,-0.8640229909818908,root_mean_squared_error,0.2317502498626709,0.05844712257385254,18.848021745681763,0.2317502498626709,0.05844712257385254,18.848021745681763,1,True,5,16,-0.8736147291252179,-0.7632026949445279,-0.626848365129942,0.6719770302916637,0.8202067952450168,-0.4392316498003317
XGBoost,-0.9342759638327627,-0.8749536470897941,root_mean_squared_error,0.03052806854248047,0.009196281433105469,5.341015100479126,0.03052806854248047,0.009196281433105469,5.341015100479126,1,True,7,16,-0.8736147291252179,-0.7632026949445279,-0.626848365129942,0.6719770302916637,0.8202067952450168,-0.4392316498003317
LightGBMLarge,-0.9570056973598137,-0.9059712574820993,root_mean_squared_error,0.025567293167114258,0.009851455688476562,4.66700005531311,0.025567293167114258,0.009851455688476562,4.66700005531311,1,True,9,16,-0.8736147291252179,-0.7632026949445279,-0.626848365129942,0.6719770302916637,0.8202067952450168,-0.4392316498003317
WeightedEnsemble_L2,-0.8736147291252179,-0.7976243224088978,root_mean_squared_error,0.09789323806762695,0.061905622482299805,58.85310387611389,0.002103567123413086,0.0002956390380859375,0.006024599075317383,2,True,10,17,-0.8736147291252179,-0.7632026949445279,-0.626848365129942,0.6719770302916637,0.8202067952450168,-0.4392316498003317
NeuralNetFastAI,-0.8909954439271287,-0.848875800394877,root_mean_squared_error,0.03482174873352051,0.019970178604125977,3.9489481449127197,0.03482174873352051,0.019970178604125977,3.9489481449127197,1,True,6,17,-0.8736147291252179,-0.7632026949445279,-0.626848365129942,0.6719770302916637,0.8202067952450168,-0.4392316498003317
NeuralNetTorch,-0.8931560298608999,-0.8289385372676497,root_mean_squared_error,0.01906299591064453,0.009438276290893555,7.287014961242676,0.01906299591064453,0.009438276290893555,7.287014961242676,1,True,8,17,-0.8736147291252179,-0.7632026949445279,-0.626848365129942,0.6719770302916637,0.8202067952450168,-0.4392316498003317
CatBoost,-0.8991998097114818,-0.8196499631389951,root_mean_squared_error,0.060150146484375,0.044403791427612305,50.19983196258545,0.060150146484375,0.044403791427612305,50.19983196258545,1,True,4,17,-0.8736147291252179,-0.7632026949445279,-0.626848365129942,0.6719770302916637,0.8202067952450168,-0.4392316498003317
LightGBMXT,-0.9037924319485665,-0.8389288744663007,root_mean_squared_error,0.016576528549194336,0.007767915725708008,1.3602323532104492,0.016576528549194336,0.007767915725708008,1.3602323532104492,1,True,1,17,-0.8736147291252179,-0.7632026949445279,-0.626848365129942,0.6719770302916637,0.8202067952450168,-0.4392316498003317
LightGBM,-0.9037924319485665,-0.8389288744663007,root_mean_squared_error,0.017477989196777344,0.010227441787719727,1.6782963275909424,0.017477989196777344,0.010227441787719727,1.6782963275909424,1,True,2,17,-0.8736147291252179,-0.7632026949445279,-0.626848365129942,0.6719770302916637,0.8202067952450168,-0.4392316498003317
RandomForestMSE,-0.90730212772414,-0.8631509685127721,root_mean_squared_error,0.22519922256469727,0.06014060974121094,21.360158920288086,0.22519922256469727,0.06014060974121094,21.360158920288086,1,True,3,17,-0.8736147291252179,-0.7632026949445279,-0.626848365129942,0.6719770302916637,0.8202067952450168,-0.4392316498003317
ExtraTreesMSE,-0.9114337318902028,-0.8640229909818908,root_mean_squared_error,0.2187178134918213,0.07204031944274902,18.932685375213623,0.2187178134918213,0.07204031944274902,18.932685375213623,1,True,5,17,-0.8736147291252179,-0.7632026949445279,-0.626848365129942,0.6719770302916637,0.8202067952450168,-0.4392316498003317
XGBoost,-0.9342759638327627,-0.8749536470897941,root_mean_squared_error,0.02451014518737793,0.01191854476928711,5.785057544708252,0.02451014518737793,0.01191854476928711,5.785057544708252,1,True,7,17,-0.8736147291252179,-0.7632026949445279,-0.626848365129942,0.6719770302916637,0.8202067952450168,-0.4392316498003317
LightGBMLarge,-0.9570056973598137,-0.9059712574820993,root_mean_squared_error,0.018922805786132812,0.008739709854125977,4.782786130905151,0.018922805786132812,0.008739709854125977,4.782786130905151,1,True,9,17,-0.8736147291252179,-0.7632026949445279,-0.626848365129942,0.6719770302916637,0.8202067952450168,-0.4392316498003317
WeightedEnsemble_L2,-0.8736147291252179,-0.7976243224088978,root_mean_squared_error,0.12207460403442383,0.06479072570800781,59.97180962562561,0.002177000045776367,0.0004820823669433594,0.009740591049194336,2,True,10,18,-0.8736147291252179,-0.7632026949445279,-0.626848365129942,0.6719770302916637,0.8202067952450168,-0.4392316498003317
NeuralNetFastAI,-0.8909954439271287,-0.848875800394877,root_mean_squared_error,0.03779458999633789,0.015196800231933594,3.804056406021118,0.03779458999633789,0.015196800231933594,3.804056406021118,1,True,6,18,-0.8736147291252179,-0.7632026949445279,-0.626848365129942,0.6719770302916637,0.8202067952450168,-0.4392316498003317
NeuralNetTorch,-0.8931560298608999,-0.8289385372676497,root_mean_squared_error,0.021730422973632812,0.011474132537841797,7.337550640106201,0.021730422973632812,0.011474132537841797,7.337550640106201,1,True,8,18,-0.8736147291252179,-0.7632026949445279,-0.626848365129942,0.6719770302916637,0.8202067952450168,-0.4392316498003317
CatBoost,-0.8991998097114818,-0.8196499631389951,root_mean_squared_error,0.0777134895324707,0.04413938522338867,50.92506408691406,0.0777134895324707,0.04413938522338867,50.92506408691406,1,True,4,18,-0.8736147291252179,-0.7632026949445279,-0.626848365129942,0.6719770302916637,0.8202067952450168,-0.4392316498003317
LightGBMXT,-0.9037924319485665,-0.8389288744663007,root_mean_squared_error,0.020453691482543945,0.008695125579833984,1.6994543075561523,0.020453691482543945,0.008695125579833984,1.6994543075561523,1,True,1,18,-0.8736147291252179,-0.7632026949445279,-0.626848365129942,0.6719770302916637,0.8202067952450168,-0.4392316498003317
LightGBM,-0.9037924319485665,-0.8389288744663007,root_mean_squared_error,0.024588346481323242,0.008323907852172852,1.5385003089904785,0.024588346481323242,0.008323907852172852,1.5385003089904785,1,True,2,18,-0.8736147291252179,-0.7632026949445279,-0.626848365129942,0.6719770302916637,0.8202067952450168,-0.4392316498003317
RandomForestMSE,-0.90730212772414,-0.8631509685127721,root_mean_squared_error,0.21030330657958984,0.07802534103393555,21.386014938354492,0.21030330657958984,0.07802534103393555,21.386014938354492,1,True,3,18,-0.8736147291252179,-0.7632026949445279,-0.626848365129942,0.6719770302916637,0.8202067952450168,-0.4392316498003317
ExtraTreesMSE,-0.9114337318902028,-0.8640229909818908,root_mean_squared_error,0.22138142585754395,0.0661461353302002,19.004072427749634,0.22138142585754395,0.0661461353302002,19.004072427749634,1,True,5,18,-0.8736147291252179,-0.7632026949445279,-0.626848365129942,0.6719770302916637,0.8202067952450168,-0.4392316498003317
XGBoost,-0.9342759638327627,-0.8749536470897941,root_mean_squared_error,0.030011653900146484,0.009297609329223633,5.4721550941467285,0.030011653900146484,0.009297609329223633,5.4721550941467285,1,True,7,18,-0.8736147291252179,-0.7632026949445279,-0.626848365129942,0.6719770302916637,0.8202067952450168,-0.4392316498003317
LightGBMLarge,-0.9570056973598137,-0.9059712574820993,root_mean_squared_error,0.01880168914794922,0.01116943359375,4.904318571090698,0.01880168914794922,0.01116943359375,4.904318571090698,1,True,9,18,-0.8736147291252179,-0.7632026949445279,-0.626848365129942,0.6719770302916637,0.8202067952450168,-0.4392316498003317
WeightedEnsemble_L2,-0.8736147291252179,-0.7976243224088978,root_mean_squared_error,0.11028480529785156,0.07084226608276367,59.16916084289551,0.0029549598693847656,0.0002923011779785156,0.006096363067626953,2,True,10,19,-0.8736147291252179,-0.7632026949445279,-0.626848365129942,0.6719770302916637,0.8202067952450168,-0.4392316498003317
NeuralNetFastAI,-0.8909954439271287,-0.848875800394877,root_mean_squared_error,0.03879690170288086,0.016964435577392578,4.080969333648682,0.03879690170288086,0.016964435577392578,4.080969333648682,1,True,6,19,-0.8736147291252179,-0.7632026949445279,-0.626848365129942,0.6719770302916637,0.8202067952450168,-0.4392316498003317
NeuralNetTorch,-0.8931560298608999,-0.8289385372676497,root_mean_squared_error,0.022114038467407227,0.009792566299438477,7.120041370391846,0.022114038467407227,0.009792566299438477,7.120041370391846,1,True,8,19,-0.8736147291252179,-0.7632026949445279,-0.626848365129942,0.6719770302916637,0.8202067952450168,-0.4392316498003317
CatBoost,-0.8991998097114818,-0.8196499631389951,root_mean_squared_error,0.06731700897216797,0.04979515075683594,50.4649338722229,0.06731700897216797,0.04979515075683594,50.4649338722229,1,True,4,19,-0.8736147291252179,-0.7632026949445279,-0.626848365129942,0.6719770302916637,0.8202067952450168,-0.4392316498003317
LightGBMXT,-0.9037924319485665,-0.8389288744663007,root_mean_squared_error,0.0178987979888916,0.010962247848510742,1.5780892372131348,0.0178987979888916,0.010962247848510742,1.5780892372131348,1,True,1,19,-0.8736147291252179,-0.7632026949445279,-0.626848365129942,0.6719770302916637,0.8202067952450168,-0.4392316498003317
LightGBM,-0.9037924319485665,-0.8389288744663007,root_mean_squared_error,0.018109798431396484,0.008359909057617188,1.708409070968628,0.018109798431396484,0.008359909057617188,1.708409070968628,1,True,2,19,-0.8736147291252179,-0.7632026949445279,-0.626848365129942,0.6719770302916637,0.8202067952450168,-0.4392316498003317
RandomForestMSE,-0.90730212772414,-0.8631509685127721,root_mean_squared_error,0.23343110084533691,0.046312570571899414,21.008548498153687,0.23343110084533691,0.046312570571899414,21.008548498153687,1,True,3,19,-0.8736147291252179,-0.7632026949445279,-0.626848365129942,0.6719770302916637,0.8202067952450168,-0.4392316498003317
ExtraTreesMSE,-0.9114337318902028,-0.8640229909818908,root_mean_squared_error,0.22619009017944336,0.06689786911010742,18.850319147109985,0.22619009017944336,0.06689786911010742,18.850319147109985,1,True,5,19,-0.8736147291252179,-0.7632026949445279,-0.626848365129942,0.6719770302916637,0.8202067952450168,-0.4392316498003317
XGBoost,-0.9342759638327627,-0.8749536470897941,root_mean_squared_error,0.03160715103149414,0.009655475616455078,5.905866861343384,0.03160715103149414,0.009655475616455078,5.905866861343384,1,True,7,19,-0.8736147291252179,-0.7632026949445279,-0.626848365129942,0.6719770302916637,0.8202067952450168,-0.4392316498003317
LightGBMLarge,-0.9570056973598137,-0.9059712574820993,root_mean_squared_error,0.029115676879882812,0.009244680404663086,4.52750039100647,0.029115676879882812,0.009244680404663086,4.52750039100647,1,True,9,19,-0.8736147291252179,-0.7632026949445279,-0.626848365129942,0.6719770302916637,0.8202067952450168,-0.4392316498003317
WeightedEnsemble_L2,-0.8736147291252179,-0.7976243224088978,root_mean_squared_error,0.0974273681640625,0.07238149642944336,60.60028314590454,0.0030956268310546875,0.00044798851013183594,0.0076596736907958984,2,True,10,20,-0.8736147291252179,-0.7632026949445279,-0.626848365129942,0.6719770302916637,0.8202067952450168,-0.4392316498003317
NeuralNetFastAI,-0.8909954439271287,-0.848875800394877,root_mean_squared_error,0.04006528854370117,0.015435218811035156,3.105323076248169,0.04006528854370117,0.015435218811035156,3.105323076248169,1,True,6,20,-0.8736147291252179,-0.7632026949445279,-0.626848365129942,0.6719770302916637,0.8202067952450168,-0.4392316498003317
NeuralNetTorch,-0.8931560298608999,-0.8289385372676497,root_mean_squared_error,0.019556760787963867,0.010375261306762695,7.780379056930542,0.019556760787963867,0.010375261306762695,7.780379056930542,1,True,8,20,-0.8736147291252179,-0.7632026949445279,-0.626848365129942,0.6719770302916637,0.8202067952450168,-0.4392316498003317
CatBoost,-0.8991998097114818,-0.8196499631389951,root_mean_squared_error,0.058362483978271484,0.05403709411621094,51.11726450920105,0.058362483978271484,0.05403709411621094,51.11726450920105,1,True,4,20,-0.8736147291252179,-0.7632026949445279,-0.626848365129942,0.6719770302916637,0.8202067952450168,-0.4392316498003317
LightGBMXT,-0.9037924319485665,-0.8389288744663007,root_mean_squared_error,0.01641249656677246,0.007521152496337891,1.6949799060821533,0.01641249656677246,0.007521152496337891,1.6949799060821533,1,True,1,20,-0.8736147291252179,-0.7632026949445279,-0.626848365129942,0.6719770302916637,0.8202067952450168,-0.4392316498003317
LightGBM,-0.9037924319485665,-0.8389288744663007,root_mean_squared_error,0.016567230224609375,0.007730722427368164,1.3744940757751465,0.016567230224609375,0.007730722427368164,1.3744940757751465,1,True,2,20,-0.8736147291252179,-0.7632026949445279,-0.626848365129942,0.6719770302916637,0.8202067952450168,-0.4392316498003317
RandomForestMSE,-0.90730212772414,-0.8631509685127721,root_mean_squared_error,0.2458350658416748,0.06681656837463379,21.080086946487427,0.2458350658416748,0.06681656837463379,21.080086946487427,1,True,3,20,-0.8736147291252179,-0.7632026949445279,-0.626848365129942,0.6719770302916637,0.8202067952450168,-0.4392316498003317
ExtraTreesMSE,-0.9114337318902028,-0.8640229909818908,root_mean_squared_error,0.19379425048828125,0.05654406547546387,19.378121614456177,0.19379425048828125,0.05654406547546387,19.378121614456177,1,True,5,20,-0.8736147291252179,-0.7632026949445279,-0.626848365129942,0.6719770302916637,0.8202067952450168,-0.4392316498003317
XGBoost,-0.9342759638327627,-0.8749536470897941,root_mean_squared_error,0.026505231857299805,0.012379884719848633,5.5569167137146,0.026505231857299805,0.012379884719848633,5.5569167137146,1,True,7,20,-0.8736147291252179,-0.7632026949445279,-0.626848365129942,0.6719770302916637,0.8202067952450168,-0.4392316498003317
LightGBMLarge,-0.9570056973598137,-0.9059712574820993,root_mean_squared_error,0.03227066993713379,0.010577917098999023,4.991979122161865,0.03227066993713379,0.010577917098999023,4.991979122161865,1,True,9,20,-0.8736147291252179,-0.7632026949445279,-0.626848365129942,0.6719770302916637,0.8202067952450168,-0.4392316498003317
