model,score_test,score_val,eval_metric,pred_time_test,pred_time_val,fit_time,pred_time_test_marginal,pred_time_val_marginal,fit_time_marginal,stack_level,can_infer,fit_order,run_number,eval_accuracy,eval_balanced_accuracy,eval_mcc,eval_roc_auc,eval_f1,eval_precision,eval_recall
XGBoost,0.9292682926829269,0.9329268292682927,accuracy,0.01107478141784668,0.004488468170166016,1.8093717098236084,0.01107478141784668,0.004488468170166016,1.8093717098236084,1,True,9,1,0.9243902439024391,0.7836558468580941,0.639496987558364,0.9481897627965044,0.9572413793103448,0.940379403794038,0.9747191011235955
ExtraTreesGini,0.926829268292683,0.9207317073170732,accuracy,0.1260066032409668,0.05551862716674805,0.7065744400024414,0.1260066032409668,0.05551862716674805,0.7065744400024414,1,True,6,1,0.9243902439024391,0.7836558468580941,0.639496987558364,0.9481897627965044,0.9572413793103448,0.940379403794038,0.9747191011235955
WeightedEnsemble_L2,0.9243902439024391,0.9451219512195121,accuracy,0.03832101821899414,0.027489185333251953,2.524181365966797,0.0018000602722167969,0.0005068778991699219,0.04426693916320801,2,True,12,1,0.9243902439024391,0.7836558468580941,0.639496987558364,0.9481897627965044,0.9572413793103448,0.940379403794038,0.9747191011235955
CatBoost,0.9243902439024391,0.926829268292683,accuracy,0.06269669532775879,0.022269010543823242,2.1651391983032227,0.06269669532775879,0.022269010543823242,2.1651391983032227,1,True,5,1,0.9243902439024391,0.7836558468580941,0.639496987558364,0.9481897627965044,0.9572413793103448,0.940379403794038,0.9747191011235955
RandomForestGini,0.9243902439024391,0.9207317073170732,accuracy,0.12140655517578125,0.05505776405334473,0.6238584518432617,0.12140655517578125,0.05505776405334473,0.6238584518432617,1,True,3,1,0.9243902439024391,0.7836558468580941,0.639496987558364,0.9481897627965044,0.9572413793103448,0.940379403794038,0.9747191011235955
LightGBM,0.9219512195121952,0.9420731707317073,accuracy,0.005693912506103516,0.0031309127807617188,0.6009037494659424,0.005693912506103516,0.0031309127807617188,0.6009037494659424,1,True,2,1,0.9243902439024391,0.7836558468580941,0.639496987558364,0.9481897627965044,0.9572413793103448,0.940379403794038,0.9747191011235955
LightGBMXT,0.9219512195121952,0.9420731707317073,accuracy,0.007126569747924805,0.016000747680664062,0.6582858562469482,0.007126569747924805,0.016000747680664062,0.6582858562469482,1,True,1,1,0.9243902439024391,0.7836558468580941,0.639496987558364,0.9481897627965044,0.9572413793103448,0.940379403794038,0.9747191011235955
NeuralNetTorch,0.9219512195121952,0.9390243902439024,accuracy,0.009296417236328125,0.006505489349365234,1.6077978610992432,0.009296417236328125,0.006505489349365234,1.6077978610992432,1,True,10,1,0.9243902439024391,0.7836558468580941,0.639496987558364,0.9481897627965044,0.9572413793103448,0.940379403794038,0.9747191011235955
ExtraTreesEntr,0.9219512195121952,0.9207317073170732,accuracy,0.10412096977233887,0.09491848945617676,0.7087833881378174,0.10412096977233887,0.09491848945617676,0.7087833881378174,1,True,7,1,0.9243902439024391,0.7836558468580941,0.639496987558364,0.9481897627965044,0.9572413793103448,0.940379403794038,0.9747191011235955
RandomForestEntr,0.9195121951219513,0.9207317073170732,accuracy,0.09605073928833008,0.06569790840148926,0.7368927001953125,0.09605073928833008,0.06569790840148926,0.7368927001953125,1,True,4,1,0.9243902439024391,0.7836558468580941,0.639496987558364,0.9481897627965044,0.9572413793103448,0.940379403794038,0.9747191011235955
NeuralNetFastAI,0.9170731707317074,0.926829268292683,accuracy,0.02939438819885254,0.010981559753417969,1.8216285705566406,0.02939438819885254,0.010981559753417969,1.8216285705566406,1,True,8,1,0.9243902439024391,0.7836558468580941,0.639496987558364,0.9481897627965044,0.9572413793103448,0.940379403794038,0.9747191011235955
LightGBMLarge,0.9146341463414634,0.9329268292682927,accuracy,0.00803065299987793,0.0035696029663085938,1.3137578964233398,0.00803065299987793,0.0035696029663085938,1.3137578964233398,1,True,11,1,0.9243902439024391,0.7836558468580941,0.639496987558364,0.9481897627965044,0.9572413793103448,0.940379403794038,0.9747191011235955
XGBoost,0.9292682926829269,0.9329268292682927,accuracy,0.013283491134643555,0.007414579391479492,1.3306448459625244,0.013283491134643555,0.007414579391479492,1.3306448459625244,1,True,9,2,0.9243902439024391,0.7836558468580941,0.639496987558364,0.9481897627965044,0.9572413793103448,0.940379403794038,0.9747191011235955
ExtraTreesGini,0.926829268292683,0.9207317073170732,accuracy,0.12209248542785645,0.06821203231811523,0.7809939384460449,0.12209248542785645,0.06821203231811523,0.7809939384460449,1,True,6,2,0.9243902439024391,0.7836558468580941,0.639496987558364,0.9481897627965044,0.9572413793103448,0.940379403794038,0.9747191011235955
CatBoost,0.9243902439024391,0.926829268292683,accuracy,0.029155731201171875,0.022211551666259766,1.777923822402954,0.029155731201171875,0.022211551666259766,1.777923822402954,1,True,5,2,0.9243902439024391,0.7836558468580941,0.639496987558364,0.9481897627965044,0.9572413793103448,0.940379403794038,0.9747191011235955
WeightedEnsemble_L2,0.9243902439024391,0.9451219512195121,accuracy,0.03381800651550293,0.01951742172241211,2.7066025733947754,0.001466512680053711,0.0005123615264892578,0.04380917549133301,2,True,12,2,0.9243902439024391,0.7836558468580941,0.639496987558364,0.9481897627965044,0.9572413793103448,0.940379403794038,0.9747191011235955
RandomForestGini,0.9243902439024391,0.9207317073170732,accuracy,0.0967245101928711,0.05516457557678223,0.6653709411621094,0.0967245101928711,0.05516457557678223,0.6653709411621094,1,True,3,2,0.9243902439024391,0.7836558468580941,0.639496987558364,0.9481897627965044,0.9572413793103448,0.940379403794038,0.9747191011235955
LightGBM,0.9219512195121952,0.9420731707317073,accuracy,0.006880044937133789,0.004609584808349609,0.7061502933502197,0.006880044937133789,0.004609584808349609,0.7061502933502197,1,True,2,2,0.9243902439024391,0.7836558468580941,0.639496987558364,0.9481897627965044,0.9572413793103448,0.940379403794038,0.9747191011235955
LightGBMXT,0.9219512195121952,0.9420731707317073,accuracy,0.009088754653930664,0.004022121429443359,0.6909446716308594,0.009088754653930664,0.004022121429443359,0.6909446716308594,1,True,1,2,0.9243902439024391,0.7836558468580941,0.639496987558364,0.9481897627965044,0.9572413793103448,0.940379403794038,0.9747191011235955
NeuralNetTorch,0.9219512195121952,0.9390243902439024,accuracy,0.009267568588256836,0.005176544189453125,1.9154915809631348,0.009267568588256836,0.005176544189453125,1.9154915809631348,1,True,10,2,0.9243902439024391,0.7836558468580941,0.639496987558364,0.9481897627965044,0.9572413793103448,0.940379403794038,0.9747191011235955
ExtraTreesEntr,0.9219512195121952,0.9207317073170732,accuracy,0.09834742546081543,0.060796499252319336,0.9562923908233643,0.09834742546081543,0.060796499252319336,0.9562923908233643,1,True,7,2,0.9243902439024391,0.7836558468580941,0.639496987558364,0.9481897627965044,0.9572413793103448,0.940379403794038,0.9747191011235955
RandomForestEntr,0.9195121951219513,0.9207317073170732,accuracy,0.09709978103637695,0.06540322303771973,0.6201136112213135,0.09709978103637695,0.06540322303771973,0.6201136112213135,1,True,4,2,0.9243902439024391,0.7836558468580941,0.639496987558364,0.9481897627965044,0.9572413793103448,0.940379403794038,0.9747191011235955
NeuralNetFastAI,0.9170731707317074,0.926829268292683,accuracy,0.023262739181518555,0.014982938766479492,1.971848726272583,0.023262739181518555,0.014982938766479492,1.971848726272583,1,True,8,2,0.9243902439024391,0.7836558468580941,0.639496987558364,0.9481897627965044,0.9572413793103448,0.940379403794038,0.9747191011235955
LightGBMLarge,0.9146341463414634,0.9329268292682927,accuracy,0.006397724151611328,0.0038585662841796875,1.3740589618682861,0.006397724151611328,0.0038585662841796875,1.3740589618682861,1,True,11,2,0.9243902439024391,0.7836558468580941,0.639496987558364,0.9481897627965044,0.9572413793103448,0.940379403794038,0.9747191011235955
XGBoost,0.9292682926829269,0.9329268292682927,accuracy,0.01660752296447754,0.004398822784423828,1.4233436584472656,0.01660752296447754,0.004398822784423828,1.4233436584472656,1,True,9,3,0.9243902439024391,0.7836558468580941,0.639496987558364,0.9481897627965044,0.9572413793103448,0.940379403794038,0.9747191011235955
ExtraTreesGini,0.926829268292683,0.9207317073170732,accuracy,0.09846687316894531,0.03569674491882324,0.7696256637573242,0.09846687316894531,0.03569674491882324,0.7696256637573242,1,True,6,3,0.9243902439024391,0.7836558468580941,0.639496987558364,0.9481897627965044,0.9572413793103448,0.940379403794038,0.9747191011235955
CatBoost,0.9243902439024391,0.926829268292683,accuracy,0.027461767196655273,0.02189946174621582,1.8264038562774658,0.027461767196655273,0.02189946174621582,1.8264038562774658,1,True,5,3,0.9243902439024391,0.7836558468580941,0.639496987558364,0.9481897627965044,0.9572413793103448,0.940379403794038,0.9747191011235955
WeightedEnsemble_L2,0.9243902439024391,0.9451219512195121,accuracy,0.03409218788146973,0.014715194702148438,2.963571310043335,0.0017383098602294922,0.0005319118499755859,0.04033541679382324,2,True,12,3,0.9243902439024391,0.7836558468580941,0.639496987558364,0.9481897627965044,0.9572413793103448,0.940379403794038,0.9747191011235955
RandomForestGini,0.9243902439024391,0.9207317073170732,accuracy,0.09875726699829102,0.06823110580444336,0.7651998996734619,0.09875726699829102,0.06823110580444336,0.7651998996734619,1,True,3,3,0.9243902439024391,0.7836558468580941,0.639496987558364,0.9481897627965044,0.9572413793103448,0.940379403794038,0.9747191011235955
LightGBM,0.9219512195121952,0.9420731707317073,accuracy,0.005644559860229492,0.0030679702758789062,0.5873725414276123,0.005644559860229492,0.0030679702758789062,0.5873725414276123,1,True,2,3,0.9243902439024391,0.7836558468580941,0.639496987558364,0.9481897627965044,0.9572413793103448,0.940379403794038,0.9747191011235955
LightGBMXT,0.9219512195121952,0.9420731707317073,accuracy,0.006383180618286133,0.0032644271850585938,0.6150846481323242,0.006383180618286133,0.0032644271850585938,0.6150846481323242,1,True,1,3,0.9243902439024391,0.7836558468580941,0.639496987558364,0.9481897627965044,0.9572413793103448,0.940379403794038,0.9747191011235955
NeuralNetTorch,0.9219512195121952,0.9390243902439024,accuracy,0.014109611511230469,0.00707244873046875,2.07350492477417,0.014109611511230469,0.00707244873046875,2.07350492477417,1,True,10,3,0.9243902439024391,0.7836558468580941,0.639496987558364,0.9481897627965044,0.9572413793103448,0.940379403794038,0.9747191011235955
ExtraTreesEntr,0.9219512195121952,0.9207317073170732,accuracy,0.11909031867980957,0.055031538009643555,0.6748418807983398,0.11909031867980957,0.055031538009643555,0.6748418807983398,1,True,7,3,0.9243902439024391,0.7836558468580941,0.639496987558364,0.9481897627965044,0.9572413793103448,0.940379403794038,0.9747191011235955
RandomForestEntr,0.9195121951219513,0.9207317073170732,accuracy,0.09643268585205078,0.10134220123291016,0.8884170055389404,0.09643268585205078,0.10134220123291016,0.8884170055389404,1,True,4,3,0.9243902439024391,0.7836558468580941,0.639496987558364,0.9481897627965044,0.9572413793103448,0.940379403794038,0.9747191011235955
NeuralNetFastAI,0.9170731707317074,0.926829268292683,accuracy,0.0259706974029541,0.010918855667114258,2.3081512451171875,0.0259706974029541,0.010918855667114258,2.3081512451171875,1,True,8,3,0.9243902439024391,0.7836558468580941,0.639496987558364,0.9481897627965044,0.9572413793103448,0.940379403794038,0.9747191011235955
LightGBMLarge,0.9146341463414634,0.9329268292682927,accuracy,0.005331516265869141,0.0035605430603027344,1.47243070602417,0.005331516265869141,0.0035605430603027344,1.47243070602417,1,True,11,3,0.9243902439024391,0.7836558468580941,0.639496987558364,0.9481897627965044,0.9572413793103448,0.940379403794038,0.9747191011235955
XGBoost,0.9292682926829269,0.9329268292682927,accuracy,0.014584541320800781,0.00664973258972168,1.3228001594543457,0.014584541320800781,0.00664973258972168,1.3228001594543457,1,True,9,4,0.9243902439024391,0.7836558468580941,0.639496987558364,0.9481897627965044,0.9572413793103448,0.940379403794038,0.9747191011235955
ExtraTreesGini,0.926829268292683,0.9207317073170732,accuracy,0.09795403480529785,0.06528711318969727,0.6826145648956299,0.09795403480529785,0.06528711318969727,0.6826145648956299,1,True,6,4,0.9243902439024391,0.7836558468580941,0.639496987558364,0.9481897627965044,0.9572413793103448,0.940379403794038,0.9747191011235955
CatBoost,0.9243902439024391,0.926829268292683,accuracy,0.027510643005371094,0.026458740234375,2.050496816635132,0.027510643005371094,0.026458740234375,2.050496816635132,1,True,5,4,0.9243902439024391,0.7836558468580941,0.639496987558364,0.9481897627965044,0.9572413793103448,0.940379403794038,0.9747191011235955
WeightedEnsemble_L2,0.9243902439024391,0.9451219512195121,accuracy,0.04111957550048828,0.027074098587036133,3.0691933631896973,0.002168893814086914,0.0006611347198486328,0.0623776912689209,2,True,12,4,0.9243902439024391,0.7836558468580941,0.639496987558364,0.9481897627965044,0.9572413793103448,0.940379403794038,0.9747191011235955
RandomForestGini,0.9243902439024391,0.9207317073170732,accuracy,0.10463571548461914,0.06533646583557129,0.7326135635375977,0.10463571548461914,0.06533646583557129,0.7326135635375977,1,True,3,4,0.9243902439024391,0.7836558468580941,0.639496987558364,0.9481897627965044,0.9572413793103448,0.940379403794038,0.9747191011235955
LightGBM,0.9219512195121952,0.9420731707317073,accuracy,0.00692439079284668,0.006850242614746094,0.6807007789611816,0.00692439079284668,0.006850242614746094,0.6807007789611816,1,True,2,4,0.9243902439024391,0.7836558468580941,0.639496987558364,0.9481897627965044,0.9572413793103448,0.940379403794038,0.9747191011235955
NeuralNetTorch,0.9219512195121952,0.9390243902439024,accuracy,0.01126408576965332,0.00516200065612793,1.5579743385314941,0.01126408576965332,0.00516200065612793,1.5579743385314941,1,True,10,4,0.9243902439024391,0.7836558468580941,0.639496987558364,0.9481897627965044,0.9572413793103448,0.940379403794038,0.9747191011235955
LightGBMXT,0.9219512195121952,0.9420731707317073,accuracy,0.017419815063476562,0.012709617614746094,0.6876282691955566,0.017419815063476562,0.012709617614746094,0.6876282691955566,1,True,1,4,0.9243902439024391,0.7836558468580941,0.639496987558364,0.9481897627965044,0.9572413793103448,0.940379403794038,0.9747191011235955
ExtraTreesEntr,0.9219512195121952,0.9207317073170732,accuracy,0.10725235939025879,0.06485533714294434,0.6440825462341309,0.10725235939025879,0.06485533714294434,0.6440825462341309,1,True,7,4,0.9243902439024391,0.7836558468580941,0.639496987558364,0.9481897627965044,0.9572413793103448,0.940379403794038,0.9747191011235955
RandomForestEntr,0.9195121951219513,0.9207317073170732,accuracy,0.10797119140625,0.056935787200927734,0.8253982067108154,0.10797119140625,0.056935787200927734,0.8253982067108154,1,True,4,4,0.9243902439024391,0.7836558468580941,0.639496987558364,0.9481897627965044,0.9572413793103448,0.940379403794038,0.9747191011235955
NeuralNetFastAI,0.9170731707317074,0.926829268292683,accuracy,0.021530866622924805,0.013703346252441406,2.3191874027252197,0.021530866622924805,0.013703346252441406,2.3191874027252197,1,True,8,4,0.9243902439024391,0.7836558468580941,0.639496987558364,0.9481897627965044,0.9572413793103448,0.940379403794038,0.9747191011235955
LightGBMLarge,0.9146341463414634,0.9329268292682927,accuracy,0.008815288543701172,0.004851341247558594,1.4084477424621582,0.008815288543701172,0.004851341247558594,1.4084477424621582,1,True,11,4,0.9243902439024391,0.7836558468580941,0.639496987558364,0.9481897627965044,0.9572413793103448,0.940379403794038,0.9747191011235955
XGBoost,0.9292682926829269,0.9329268292682927,accuracy,0.012396812438964844,0.006125688552856445,1.5994617938995361,0.012396812438964844,0.006125688552856445,1.5994617938995361,1,True,9,5,0.9243902439024391,0.7836558468580941,0.639496987558364,0.9481897627965044,0.9572413793103448,0.940379403794038,0.9747191011235955
ExtraTreesGini,0.926829268292683,0.9207317073170732,accuracy,0.09842991828918457,0.08894538879394531,0.8949999809265137,0.09842991828918457,0.08894538879394531,0.8949999809265137,1,True,6,5,0.9243902439024391,0.7836558468580941,0.639496987558364,0.9481897627965044,0.9572413793103448,0.940379403794038,0.9747191011235955
CatBoost,0.9243902439024391,0.926829268292683,accuracy,0.02702927589416504,0.03216695785522461,1.8059618473052979,0.02702927589416504,0.03216695785522461,1.8059618473052979,1,True,5,5,0.9243902439024391,0.7836558468580941,0.639496987558364,0.9481897627965044,0.9572413793103448,0.940379403794038,0.9747191011235955
WeightedEnsemble_L2,0.9243902439024391,0.9451219512195121,accuracy,0.03399348258972168,0.015021085739135742,2.589550733566284,0.0013744831085205078,0.0005235671997070312,0.040268898010253906,2,True,12,5,0.9243902439024391,0.7836558468580941,0.639496987558364,0.9481897627965044,0.9572413793103448,0.940379403794038,0.9747191011235955
RandomForestGini,0.9243902439024391,0.9207317073170732,accuracy,0.09636664390563965,0.06484842300415039,0.6538918018341064,0.09636664390563965,0.06484842300415039,0.6538918018341064,1,True,3,5,0.9243902439024391,0.7836558468580941,0.639496987558364,0.9481897627965044,0.9572413793103448,0.940379403794038,0.9747191011235955
LightGBM,0.9219512195121952,0.9420731707317073,accuracy,0.0075113773345947266,0.0032787322998046875,0.6033148765563965,0.0075113773345947266,0.0032787322998046875,0.6033148765563965,1,True,2,5,0.9243902439024391,0.7836558468580941,0.639496987558364,0.9481897627965044,0.9572413793103448,0.940379403794038,0.9747191011235955
LightGBMXT,0.9219512195121952,0.9420731707317073,accuracy,0.00805044174194336,0.00321197509765625,0.6249206066131592,0.00805044174194336,0.00321197509765625,0.6249206066131592,1,True,1,5,0.9243902439024391,0.7836558468580941,0.639496987558364,0.9481897627965044,0.9572413793103448,0.940379403794038,0.9747191011235955
NeuralNetTorch,0.9219512195121952,0.9390243902439024,accuracy,0.008589744567871094,0.005226850509643555,1.592362403869629,0.008589744567871094,0.005226850509643555,1.592362403869629,1,True,10,5,0.9243902439024391,0.7836558468580941,0.639496987558364,0.9481897627965044,0.9572413793103448,0.940379403794038,0.9747191011235955
ExtraTreesEntr,0.9219512195121952,0.9207317073170732,accuracy,0.09386038780212402,0.0659339427947998,0.6320698261260986,0.09386038780212402,0.0659339427947998,0.6320698261260986,1,True,7,5,0.9243902439024391,0.7836558468580941,0.639496987558364,0.9481897627965044,0.9572413793103448,0.940379403794038,0.9747191011235955
RandomForestEntr,0.9195121951219513,0.9207317073170732,accuracy,0.10969901084899902,0.05443263053894043,0.6632101535797119,0.10969901084899902,0.05443263053894043,0.6632101535797119,1,True,4,5,0.9243902439024391,0.7836558468580941,0.639496987558364,0.9481897627965044,0.9572413793103448,0.940379403794038,0.9747191011235955
NeuralNetFastAI,0.9170731707317074,0.926829268292683,accuracy,0.024568557739257812,0.011285543441772461,1.924361228942871,0.024568557739257812,0.011285543441772461,1.924361228942871,1,True,8,5,0.9243902439024391,0.7836558468580941,0.639496987558364,0.9481897627965044,0.9572413793103448,0.940379403794038,0.9747191011235955
LightGBMLarge,0.9146341463414634,0.9329268292682927,accuracy,0.00498509407043457,0.0034914016723632812,1.238356590270996,0.00498509407043457,0.0034914016723632812,1.238356590270996,1,True,11,5,0.9243902439024391,0.7836558468580941,0.639496987558364,0.9481897627965044,0.9572413793103448,0.940379403794038,0.9747191011235955
XGBoost,0.9292682926829269,0.9329268292682927,accuracy,0.013054132461547852,0.004418611526489258,1.305940866470337,0.013054132461547852,0.004418611526489258,1.305940866470337,1,True,9,6,0.9243902439024391,0.7836558468580941,0.639496987558364,0.9481897627965044,0.9572413793103448,0.940379403794038,0.9747191011235955
ExtraTreesGini,0.926829268292683,0.9207317073170732,accuracy,0.10289502143859863,0.05440378189086914,0.6831681728363037,0.10289502143859863,0.05440378189086914,0.6831681728363037,1,True,6,6,0.9243902439024391,0.7836558468580941,0.639496987558364,0.9481897627965044,0.9572413793103448,0.940379403794038,0.9747191011235955
CatBoost,0.9243902439024391,0.926829268292683,accuracy,0.02630019187927246,0.021360397338867188,1.7385284900665283,0.02630019187927246,0.021360397338867188,1.7385284900665283,1,True,5,6,0.9243902439024391,0.7836558468580941,0.639496987558364,0.9481897627965044,0.9572413793103448,0.940379403794038,0.9747191011235955
WeightedEnsemble_L2,0.9243902439024391,0.9451219512195121,accuracy,0.0321352481842041,0.018483877182006836,2.84100604057312,0.0012788772583007812,0.0005540847778320312,0.03958487510681152,2,True,12,6,0.9243902439024391,0.7836558468580941,0.639496987558364,0.9481897627965044,0.9572413793103448,0.940379403794038,0.9747191011235955
RandomForestGini,0.9243902439024391,0.9207317073170732,accuracy,0.10112309455871582,0.06620907783508301,0.9070553779602051,0.10112309455871582,0.06620907783508301,0.9070553779602051,1,True,3,6,0.9243902439024391,0.7836558468580941,0.639496987558364,0.9481897627965044,0.9572413793103448,0.940379403794038,0.9747191011235955
LightGBM,0.9219512195121952,0.9420731707317073,accuracy,0.005243539810180664,0.003029346466064453,0.6041390895843506,0.005243539810180664,0.003029346466064453,0.6041390895843506,1,True,2,6,0.9243902439024391,0.7836558468580941,0.639496987558364,0.9481897627965044,0.9572413793103448,0.940379403794038,0.9747191011235955
LightGBMXT,0.9219512195121952,0.9420731707317073,accuracy,0.005598306655883789,0.007570505142211914,0.6682062149047852,0.005598306655883789,0.007570505142211914,0.6682062149047852,1,True,1,6,0.9243902439024391,0.7836558468580941,0.639496987558364,0.9481897627965044,0.9572413793103448,0.940379403794038,0.9747191011235955
NeuralNetTorch,0.9219512195121952,0.9390243902439024,accuracy,0.01246786117553711,0.005471467971801758,1.48197603225708,0.01246786117553711,0.005471467971801758,1.48197603225708,1,True,10,6,0.9243902439024391,0.7836558468580941,0.639496987558364,0.9481897627965044,0.9572413793103448,0.940379403794038,0.9747191011235955
ExtraTreesEntr,0.9219512195121952,0.9207317073170732,accuracy,0.09882664680480957,0.054965972900390625,0.6604907512664795,0.09882664680480957,0.054965972900390625,0.6604907512664795,1,True,7,6,0.9243902439024391,0.7836558468580941,0.639496987558364,0.9481897627965044,0.9572413793103448,0.940379403794038,0.9747191011235955
RandomForestEntr,0.9195121951219513,0.9207317073170732,accuracy,0.1013329029083252,0.05493497848510742,0.7430360317230225,0.1013329029083252,0.05493497848510742,0.7430360317230225,1,True,4,6,0.9243902439024391,0.7836558468580941,0.639496987558364,0.9481897627965044,0.9572413793103448,0.940379403794038,0.9747191011235955
NeuralNetFastAI,0.9170731707317074,0.926829268292683,accuracy,0.02525806427001953,0.01035928726196289,2.1332149505615234,0.02525806427001953,0.01035928726196289,2.1332149505615234,1,True,8,6,0.9243902439024391,0.7836558468580941,0.639496987558364,0.9481897627965044,0.9572413793103448,0.940379403794038,0.9747191011235955
LightGBMLarge,0.9146341463414634,0.9329268292682927,accuracy,0.004749774932861328,0.0034301280975341797,1.476003885269165,0.004749774932861328,0.0034301280975341797,1.476003885269165,1,True,11,6,0.9243902439024391,0.7836558468580941,0.639496987558364,0.9481897627965044,0.9572413793103448,0.940379403794038,0.9747191011235955
XGBoost,0.9292682926829269,0.9329268292682927,accuracy,0.014150857925415039,0.005326747894287109,1.6426599025726318,0.014150857925415039,0.005326747894287109,1.6426599025726318,1,True,9,7,0.9243902439024391,0.7836558468580941,0.639496987558364,0.9481897627965044,0.9572413793103448,0.940379403794038,0.9747191011235955
ExtraTreesGini,0.926829268292683,0.9207317073170732,accuracy,0.10184597969055176,0.06589889526367188,0.6904871463775635,0.10184597969055176,0.06589889526367188,0.6904871463775635,1,True,6,7,0.9243902439024391,0.7836558468580941,0.639496987558364,0.9481897627965044,0.9572413793103448,0.940379403794038,0.9747191011235955
CatBoost,0.9243902439024391,0.926829268292683,accuracy,0.027338504791259766,0.034267425537109375,1.8991241455078125,0.027338504791259766,0.034267425537109375,1.8991241455078125,1,True,5,7,0.9243902439024391,0.7836558468580941,0.639496987558364,0.9481897627965044,0.9572413793103448,0.940379403794038,0.9747191011235955
WeightedEnsemble_L2,0.9243902439024391,0.9451219512195121,accuracy,0.03259611129760742,0.015844345092773438,2.56606125831604,0.0013115406036376953,0.0005230903625488281,0.0409238338470459,2,True,12,7,0.9243902439024391,0.7836558468580941,0.639496987558364,0.9481897627965044,0.9572413793103448,0.940379403794038,0.9747191011235955
RandomForestGini,0.9243902439024391,0.9207317073170732,accuracy,0.09898972511291504,0.0555112361907959,0.642472505569458,0.09898972511291504,0.0555112361907959,0.642472505569458,1,True,3,7,0.9243902439024391,0.7836558468580941,0.639496987558364,0.9481897627965044,0.9572413793103448,0.940379403794038,0.9747191011235955
LightGBMXT,0.9219512195121952,0.9420731707317073,accuracy,0.00577998161315918,0.00513768196105957,0.6546368598937988,0.00577998161315918,0.00513768196105957,0.6546368598937988,1,True,1,7,0.9243902439024391,0.7836558468580941,0.639496987558364,0.9481897627965044,0.9572413793103448,0.940379403794038,0.9747191011235955
LightGBM,0.9219512195121952,0.9420731707317073,accuracy,0.006175041198730469,0.0032415390014648438,0.6901464462280273,0.006175041198730469,0.0032415390014648438,0.6901464462280273,1,True,2,7,0.9243902439024391,0.7836558468580941,0.639496987558364,0.9481897627965044,0.9572413793103448,0.940379403794038,0.9747191011235955
NeuralNetTorch,0.9219512195121952,0.9390243902439024,accuracy,0.00783991813659668,0.005242586135864258,1.685786247253418,0.00783991813659668,0.005242586135864258,1.685786247253418,1,True,10,7,0.9243902439024391,0.7836558468580941,0.639496987558364,0.9481897627965044,0.9572413793103448,0.940379403794038,0.9747191011235955
ExtraTreesEntr,0.9219512195121952,0.9207317073170732,accuracy,0.11239194869995117,0.05625200271606445,0.6047301292419434,0.11239194869995117,0.05625200271606445,0.6047301292419434,1,True,7,7,0.9243902439024391,0.7836558468580941,0.639496987558364,0.9481897627965044,0.9572413793103448,0.940379403794038,0.9747191011235955
RandomForestEntr,0.9195121951219513,0.9207317073170732,accuracy,0.09719562530517578,0.0549774169921875,0.6163215637207031,0.09719562530517578,0.0549774169921875,0.6163215637207031,1,True,4,7,0.9243902439024391,0.7836558468580941,0.639496987558364,0.9481897627965044,0.9572413793103448,0.940379403794038,0.9747191011235955
NeuralNetFastAI,0.9170731707317074,0.926829268292683,accuracy,0.025504589080810547,0.010183572769165039,1.8705005645751953,0.025504589080810547,0.010183572769165039,1.8705005645751953,1,True,8,7,0.9243902439024391,0.7836558468580941,0.639496987558364,0.9481897627965044,0.9572413793103448,0.940379403794038,0.9747191011235955
LightGBMLarge,0.9146341463414634,0.9329268292682927,accuracy,0.00495147705078125,0.0034956932067871094,1.2433807849884033,0.00495147705078125,0.0034956932067871094,1.2433807849884033,1,True,11,7,0.9243902439024391,0.7836558468580941,0.639496987558364,0.9481897627965044,0.9572413793103448,0.940379403794038,0.9747191011235955
XGBoost,0.9292682926829269,0.9329268292682927,accuracy,0.018846988677978516,0.004822492599487305,1.370173454284668,0.018846988677978516,0.004822492599487305,1.370173454284668,1,True,9,8,0.9243902439024391,0.7836558468580941,0.639496987558364,0.9481897627965044,0.9572413793103448,0.940379403794038,0.9747191011235955
ExtraTreesGini,0.926829268292683,0.9207317073170732,accuracy,0.10091328620910645,0.054918527603149414,0.6297309398651123,0.10091328620910645,0.054918527603149414,0.6297309398651123,1,True,6,8,0.9243902439024391,0.7836558468580941,0.639496987558364,0.9481897627965044,0.9572413793103448,0.940379403794038,0.9747191011235955
WeightedEnsemble_L2,0.9243902439024391,0.9451219512195121,accuracy,0.029996871948242188,0.014545917510986328,2.7942984104156494,0.0013513565063476562,0.0005326271057128906,0.04177355766296387,2,True,12,8,0.9243902439024391,0.7836558468580941,0.639496987558364,0.9481897627965044,0.9572413793103448,0.940379403794038,0.9747191011235955
CatBoost,0.9243902439024391,0.926829268292683,accuracy,0.031939029693603516,0.021805524826049805,1.7551352977752686,0.031939029693603516,0.021805524826049805,1.7551352977752686,1,True,5,8,0.9243902439024391,0.7836558468580941,0.639496987558364,0.9481897627965044,0.9572413793103448,0.940379403794038,0.9747191011235955
RandomForestGini,0.9243902439024391,0.9207317073170732,accuracy,0.10227704048156738,0.05517458915710449,0.9352383613586426,0.10227704048156738,0.05517458915710449,0.9352383613586426,1,True,3,8,0.9243902439024391,0.7836558468580941,0.639496987558364,0.9481897627965044,0.9572413793103448,0.940379403794038,0.9747191011235955
LightGBMXT,0.9219512195121952,0.9420731707317073,accuracy,0.007699251174926758,0.003078937530517578,0.6247584819793701,0.007699251174926758,0.003078937530517578,0.6247584819793701,1,True,1,8,0.9243902439024391,0.7836558468580941,0.639496987558364,0.9481897627965044,0.9572413793103448,0.940379403794038,0.9747191011235955
LightGBM,0.9219512195121952,0.9420731707317073,accuracy,0.007977724075317383,0.004608154296875,0.6376183032989502,0.007977724075317383,0.004608154296875,0.6376183032989502,1,True,2,8,0.9243902439024391,0.7836558468580941,0.639496987558364,0.9481897627965044,0.9572413793103448,0.940379403794038,0.9747191011235955
NeuralNetTorch,0.9219512195121952,0.9390243902439024,accuracy,0.009615659713745117,0.006161212921142578,1.699955701828003,0.009615659713745117,0.006161212921142578,1.699955701828003,1,True,10,8,0.9243902439024391,0.7836558468580941,0.639496987558364,0.9481897627965044,0.9572413793103448,0.940379403794038,0.9747191011235955
ExtraTreesEntr,0.9219512195121952,0.9207317073170732,accuracy,0.10822248458862305,0.05650138854980469,0.7734866142272949,0.10822248458862305,0.05650138854980469,0.7734866142272949,1,True,7,8,0.9243902439024391,0.7836558468580941,0.639496987558364,0.9481897627965044,0.9572413793103448,0.940379403794038,0.9747191011235955
RandomForestEntr,0.9195121951219513,0.9207317073170732,accuracy,0.13065767288208008,0.0984656810760498,0.6688554286956787,0.13065767288208008,0.0984656810760498,0.6688554286956787,1,True,4,8,0.9243902439024391,0.7836558468580941,0.639496987558364,0.9481897627965044,0.9572413793103448,0.940379403794038,0.9747191011235955
NeuralNetFastAI,0.9170731707317074,0.926829268292683,accuracy,0.020946264266967773,0.01093435287475586,2.1277663707733154,0.020946264266967773,0.01093435287475586,2.1277663707733154,1,True,8,8,0.9243902439024391,0.7836558468580941,0.639496987558364,0.9481897627965044,0.9572413793103448,0.940379403794038,0.9747191011235955
LightGBMLarge,0.9146341463414634,0.9329268292682927,accuracy,0.005463838577270508,0.0034525394439697266,1.4590697288513184,0.005463838577270508,0.0034525394439697266,1.4590697288513184,1,True,11,8,0.9243902439024391,0.7836558468580941,0.639496987558364,0.9481897627965044,0.9572413793103448,0.940379403794038,0.9747191011235955
XGBoost,0.9292682926829269,0.9329268292682927,accuracy,0.01279759407043457,0.00549626350402832,1.5313489437103271,0.01279759407043457,0.00549626350402832,1.5313489437103271,1,True,9,9,0.9243902439024391,0.7836558468580941,0.639496987558364,0.9481897627965044,0.9572413793103448,0.940379403794038,0.9747191011235955
ExtraTreesGini,0.926829268292683,0.9207317073170732,accuracy,0.10249924659729004,0.05493497848510742,0.711057186126709,0.10249924659729004,0.05493497848510742,0.711057186126709,1,True,6,9,0.9243902439024391,0.7836558468580941,0.639496987558364,0.9481897627965044,0.9572413793103448,0.940379403794038,0.9747191011235955
CatBoost,0.9243902439024391,0.926829268292683,accuracy,0.04178357124328613,0.033570289611816406,2.047606945037842,0.04178357124328613,0.033570289611816406,2.047606945037842,1,True,5,9,0.9243902439024391,0.7836558468580941,0.639496987558364,0.9481897627965044,0.9572413793103448,0.940379403794038,0.9747191011235955
WeightedEnsemble_L2,0.9243902439024391,0.9451219512195121,accuracy,0.06280827522277832,0.01854705810546875,2.623745918273926,0.0018315315246582031,0.0005381107330322266,0.040663719177246094,2,True,12,9,0.9243902439024391,0.7836558468580941,0.639496987558364,0.9481897627965044,0.9572413793103448,0.940379403794038,0.9747191011235955
RandomForestGini,0.9243902439024391,0.9207317073170732,accuracy,0.10453367233276367,0.05490303039550781,0.6285035610198975,0.10453367233276367,0.05490303039550781,0.6285035610198975,1,True,3,9,0.9243902439024391,0.7836558468580941,0.639496987558364,0.9481897627965044,0.9572413793103448,0.940379403794038,0.9747191011235955
NeuralNetTorch,0.9219512195121952,0.9390243902439024,accuracy,0.009334564208984375,0.005147695541381836,1.503417730331421,0.009334564208984375,0.005147695541381836,1.503417730331421,1,True,10,9,0.9243902439024391,0.7836558468580941,0.639496987558364,0.9481897627965044,0.9572413793103448,0.940379403794038,0.9747191011235955
LightGBM,0.9219512195121952,0.9420731707317073,accuracy,0.013355731964111328,0.0031270980834960938,0.6072115898132324,0.013355731964111328,0.0031270980834960938,0.6072115898132324,1,True,2,9,0.9243902439024391,0.7836558468580941,0.639496987558364,0.9481897627965044,0.9572413793103448,0.940379403794038,0.9747191011235955
LightGBMXT,0.9219512195121952,0.9420731707317073,accuracy,0.013706207275390625,0.0048046112060546875,0.6189579963684082,0.013706207275390625,0.0048046112060546875,0.6189579963684082,1,True,1,9,0.9243902439024391,0.7836558468580941,0.639496987558364,0.9481897627965044,0.9572413793103448,0.940379403794038,0.9747191011235955
ExtraTreesEntr,0.9219512195121952,0.9207317073170732,accuracy,0.09752631187438965,0.05481362342834473,0.6260483264923096,0.09752631187438965,0.05481362342834473,0.6260483264923096,1,True,7,9,0.9243902439024391,0.7836558468580941,0.639496987558364,0.9481897627965044,0.9572413793103448,0.940379403794038,0.9747191011235955
RandomForestEntr,0.9195121951219513,0.9207317073170732,accuracy,0.09976887702941895,0.055043935775756836,0.6161544322967529,0.09976887702941895,0.055043935775756836,0.6161544322967529,1,True,4,9,0.9243902439024391,0.7836558468580941,0.639496987558364,0.9481897627965044,0.9572413793103448,0.940379403794038,0.9747191011235955
NeuralNetFastAI,0.9170731707317074,0.926829268292683,accuracy,0.04727053642272949,0.013204336166381836,1.9641242027282715,0.04727053642272949,0.013204336166381836,1.9641242027282715,1,True,8,9,0.9243902439024391,0.7836558468580941,0.639496987558364,0.9481897627965044,0.9572413793103448,0.940379403794038,0.9747191011235955
LightGBMLarge,0.9146341463414634,0.9329268292682927,accuracy,0.006348848342895508,0.003525972366333008,1.247485876083374,0.006348848342895508,0.003525972366333008,1.247485876083374,1,True,11,9,0.9243902439024391,0.7836558468580941,0.639496987558364,0.9481897627965044,0.9572413793103448,0.940379403794038,0.9747191011235955
XGBoost,0.9292682926829269,0.9329268292682927,accuracy,0.016363143920898438,0.004290580749511719,1.4154143333435059,0.016363143920898438,0.004290580749511719,1.4154143333435059,1,True,9,10,0.9243902439024391,0.7836558468580941,0.639496987558364,0.9481897627965044,0.9572413793103448,0.940379403794038,0.9747191011235955
ExtraTreesGini,0.926829268292683,0.9207317073170732,accuracy,0.10603928565979004,0.06542754173278809,0.6463305950164795,0.10603928565979004,0.06542754173278809,0.6463305950164795,1,True,6,10,0.9243902439024391,0.7836558468580941,0.639496987558364,0.9481897627965044,0.9572413793103448,0.940379403794038,0.9747191011235955
CatBoost,0.9243902439024391,0.926829268292683,accuracy,0.026752948760986328,0.02191925048828125,1.8522262573242188,0.026752948760986328,0.02191925048828125,1.8522262573242188,1,True,5,10,0.9243902439024391,0.7836558468580941,0.639496987558364,0.9481897627965044,0.9572413793103448,0.940379403794038,0.9747191011235955
WeightedEnsemble_L2,0.9243902439024391,0.9451219512195121,accuracy,0.038274288177490234,0.017827272415161133,2.632676362991333,0.0019614696502685547,0.0006456375122070312,0.0410308837890625,2,True,12,10,0.9243902439024391,0.7836558468580941,0.639496987558364,0.9481897627965044,0.9572413793103448,0.940379403794038,0.9747191011235955
RandomForestGini,0.9243902439024391,0.9207317073170732,accuracy,0.12249422073364258,0.055220603942871094,0.6710338592529297,0.12249422073364258,0.055220603942871094,0.6710338592529297,1,True,3,10,0.9243902439024391,0.7836558468580941,0.639496987558364,0.9481897627965044,0.9572413793103448,0.940379403794038,0.9747191011235955
LightGBM,0.9219512195121952,0.9420731707317073,accuracy,0.00762629508972168,0.0030832290649414062,0.7282447814941406,0.00762629508972168,0.0030832290649414062,0.7282447814941406,1,True,2,10,0.9243902439024391,0.7836558468580941,0.639496987558364,0.9481897627965044,0.9572413793103448,0.940379403794038,0.9747191011235955
LightGBMXT,0.9219512195121952,0.9420731707317073,accuracy,0.008036136627197266,0.004843711853027344,0.6844186782836914,0.008036136627197266,0.004843711853027344,0.6844186782836914,1,True,1,10,0.9243902439024391,0.7836558468580941,0.639496987558364,0.9481897627965044,0.9572413793103448,0.940379403794038,0.9747191011235955
NeuralNetTorch,0.9219512195121952,0.9390243902439024,accuracy,0.013338565826416016,0.007378816604614258,1.8718852996826172,0.013338565826416016,0.007378816604614258,1.8718852996826172,1,True,10,10,0.9243902439024391,0.7836558468580941,0.639496987558364,0.9481897627965044,0.9572413793103448,0.940379403794038,0.9747191011235955
ExtraTreesEntr,0.9219512195121952,0.9207317073170732,accuracy,0.10068202018737793,0.06659531593322754,0.8607306480407715,0.10068202018737793,0.06659531593322754,0.8607306480407715,1,True,7,10,0.9243902439024391,0.7836558468580941,0.639496987558364,0.9481897627965044,0.9572413793103448,0.940379403794038,0.9747191011235955
RandomForestEntr,0.9195121951219513,0.9207317073170732,accuracy,0.0986642837524414,0.05439639091491699,0.6070234775543213,0.0986642837524414,0.05439639091491699,0.6070234775543213,1,True,4,10,0.9243902439024391,0.7836558468580941,0.639496987558364,0.9481897627965044,0.9572413793103448,0.940379403794038,0.9747191011235955
NeuralNetFastAI,0.9170731707317074,0.926829268292683,accuracy,0.028276681900024414,0.012337923049926758,1.907226800918579,0.028276681900024414,0.012337923049926758,1.907226800918579,1,True,8,10,0.9243902439024391,0.7836558468580941,0.639496987558364,0.9481897627965044,0.9572413793103448,0.940379403794038,0.9747191011235955
LightGBMLarge,0.9146341463414634,0.9329268292682927,accuracy,0.005363941192626953,0.003329038619995117,1.317751407623291,0.005363941192626953,0.003329038619995117,1.317751407623291,1,True,11,10,0.9243902439024391,0.7836558468580941,0.639496987558364,0.9481897627965044,0.9572413793103448,0.940379403794038,0.9747191011235955
XGBoost,0.9292682926829269,0.9329268292682927,accuracy,0.01342153549194336,0.004673004150390625,1.3434057235717773,0.01342153549194336,0.004673004150390625,1.3434057235717773,1,True,9,11,0.9243902439024391,0.7836558468580941,0.639496987558364,0.9481897627965044,0.9572413793103448,0.940379403794038,0.9747191011235955
ExtraTreesGini,0.926829268292683,0.9207317073170732,accuracy,0.09922051429748535,0.08113718032836914,0.6419153213500977,0.09922051429748535,0.08113718032836914,0.6419153213500977,1,True,6,11,0.9243902439024391,0.7836558468580941,0.639496987558364,0.9481897627965044,0.9572413793103448,0.940379403794038,0.9747191011235955
CatBoost,0.9243902439024391,0.926829268292683,accuracy,0.02780890464782715,0.02287769317626953,1.9077184200286865,0.02780890464782715,0.02287769317626953,1.9077184200286865,1,True,5,11,0.9243902439024391,0.7836558468580941,0.639496987558364,0.9481897627965044,0.9572413793103448,0.940379403794038,0.9747191011235955
WeightedEnsemble_L2,0.9243902439024391,0.9451219512195121,accuracy,0.03337574005126953,0.01443791389465332,2.9675700664520264,0.0019288063049316406,0.0007066726684570312,0.06225991249084473,2,True,12,11,0.9243902439024391,0.7836558468580941,0.639496987558364,0.9481897627965044,0.9572413793103448,0.940379403794038,0.9747191011235955
RandomForestGini,0.9243902439024391,0.9207317073170732,accuracy,0.0932619571685791,0.05645632743835449,0.6150984764099121,0.0932619571685791,0.05645632743835449,0.6150984764099121,1,True,3,11,0.9243902439024391,0.7836558468580941,0.639496987558364,0.9481897627965044,0.9572413793103448,0.940379403794038,0.9747191011235955
LightGBM,0.9219512195121952,0.9420731707317073,accuracy,0.007836580276489258,0.0032088756561279297,0.5964438915252686,0.007836580276489258,0.0032088756561279297,0.5964438915252686,1,True,2,11,0.9243902439024391,0.7836558468580941,0.639496987558364,0.9481897627965044,0.9572413793103448,0.940379403794038,0.9747191011235955
LightGBMXT,0.9219512195121952,0.9420731707317073,accuracy,0.007908105850219727,0.0031495094299316406,0.6288514137268066,0.007908105850219727,0.0031495094299316406,0.6288514137268066,1,True,1,11,0.9243902439024391,0.7836558468580941,0.639496987558364,0.9481897627965044,0.9572413793103448,0.940379403794038,0.9747191011235955
NeuralNetTorch,0.9219512195121952,0.9390243902439024,accuracy,0.013096332550048828,0.005067348480224609,1.5907793045043945,0.013096332550048828,0.005067348480224609,1.5907793045043945,1,True,10,11,0.9243902439024391,0.7836558468580941,0.639496987558364,0.9481897627965044,0.9572413793103448,0.940379403794038,0.9747191011235955
ExtraTreesEntr,0.9219512195121952,0.9207317073170732,accuracy,0.09475064277648926,0.05545186996459961,0.6901819705963135,0.09475064277648926,0.05545186996459961,0.6901819705963135,1,True,7,11,0.9243902439024391,0.7836558468580941,0.639496987558364,0.9481897627965044,0.9572413793103448,0.940379403794038,0.9747191011235955
RandomForestEntr,0.9195121951219513,0.9207317073170732,accuracy,0.09977197647094727,0.06287121772766113,0.9048113822937012,0.09977197647094727,0.06287121772766113,0.9048113822937012,1,True,4,11,0.9243902439024391,0.7836558468580941,0.639496987558364,0.9481897627965044,0.9572413793103448,0.940379403794038,0.9747191011235955
NeuralNetFastAI,0.9170731707317074,0.926829268292683,accuracy,0.023538827896118164,0.010581731796264648,2.276458740234375,0.023538827896118164,0.010581731796264648,2.276458740234375,1,True,8,11,0.9243902439024391,0.7836558468580941,0.639496987558364,0.9481897627965044,0.9572413793103448,0.940379403794038,0.9747191011235955
LightGBMLarge,0.9146341463414634,0.9329268292682927,accuracy,0.00820302963256836,0.007291555404663086,1.4754152297973633,0.00820302963256836,0.007291555404663086,1.4754152297973633,1,True,11,11,0.9243902439024391,0.7836558468580941,0.639496987558364,0.9481897627965044,0.9572413793103448,0.940379403794038,0.9747191011235955
XGBoost,0.9292682926829269,0.9329268292682927,accuracy,0.014188766479492188,0.005256175994873047,1.5099761486053467,0.014188766479492188,0.005256175994873047,1.5099761486053467,1,True,9,12,0.9243902439024391,0.7836558468580941,0.639496987558364,0.9481897627965044,0.9572413793103448,0.940379403794038,0.9747191011235955
ExtraTreesGini,0.926829268292683,0.9207317073170732,accuracy,0.09917020797729492,0.055145978927612305,0.75990891456604,0.09917020797729492,0.055145978927612305,0.75990891456604,1,True,6,12,0.9243902439024391,0.7836558468580941,0.639496987558364,0.9481897627965044,0.9572413793103448,0.940379403794038,0.9747191011235955
CatBoost,0.9243902439024391,0.926829268292683,accuracy,0.027193784713745117,0.02680182456970215,1.9859704971313477,0.027193784713745117,0.02680182456970215,1.9859704971313477,1,True,5,12,0.9243902439024391,0.7836558468580941,0.639496987558364,0.9481897627965044,0.9572413793103448,0.940379403794038,0.9747191011235955
WeightedEnsemble_L2,0.9243902439024391,0.9451219512195121,accuracy,0.03363966941833496,0.01632857322692871,2.5559916496276855,0.001268625259399414,0.0005338191986083984,0.04007458686828613,2,True,12,12,0.9243902439024391,0.7836558468580941,0.639496987558364,0.9481897627965044,0.9572413793103448,0.940379403794038,0.9747191011235955
RandomForestGini,0.9243902439024391,0.9207317073170732,accuracy,0.09907793998718262,0.05549192428588867,0.6703839302062988,0.09907793998718262,0.05549192428588867,0.6703839302062988,1,True,3,12,0.9243902439024391,0.7836558468580941,0.639496987558364,0.9481897627965044,0.9572413793103448,0.940379403794038,0.9747191011235955
LightGBM,0.9219512195121952,0.9420731707317073,accuracy,0.006955623626708984,0.003198862075805664,0.6321032047271729,0.006955623626708984,0.003198862075805664,0.6321032047271729,1,True,2,12,0.9243902439024391,0.7836558468580941,0.639496987558364,0.9481897627965044,0.9572413793103448,0.940379403794038,0.9747191011235955
LightGBMXT,0.9219512195121952,0.9420731707317073,accuracy,0.007635354995727539,0.00468897819519043,0.6084485054016113,0.007635354995727539,0.00468897819519043,0.6084485054016113,1,True,1,12,0.9243902439024391,0.7836558468580941,0.639496987558364,0.9481897627965044,0.9572413793103448,0.940379403794038,0.9747191011235955
NeuralNetTorch,0.9219512195121952,0.9390243902439024,accuracy,0.008200645446777344,0.0069005489349365234,1.7037646770477295,0.008200645446777344,0.0069005489349365234,1.7037646770477295,1,True,10,12,0.9243902439024391,0.7836558468580941,0.639496987558364,0.9481897627965044,0.9572413793103448,0.940379403794038,0.9747191011235955
ExtraTreesEntr,0.9219512195121952,0.9207317073170732,accuracy,0.09612154960632324,0.054805755615234375,0.6567978858947754,0.09612154960632324,0.054805755615234375,0.6567978858947754,1,True,7,12,0.9243902439024391,0.7836558468580941,0.639496987558364,0.9481897627965044,0.9572413793103448,0.940379403794038,0.9747191011235955
RandomForestEntr,0.9195121951219513,0.9207317073170732,accuracy,0.09879279136657715,0.06464362144470215,0.6220526695251465,0.09879279136657715,0.06464362144470215,0.6220526695251465,1,True,4,12,0.9243902439024391,0.7836558468580941,0.639496987558364,0.9481897627965044,0.9572413793103448,0.940379403794038,0.9747191011235955
NeuralNetFastAI,0.9170731707317074,0.926829268292683,accuracy,0.024735689163208008,0.011105775833129883,1.907468557357788,0.024735689163208008,0.011105775833129883,1.907468557357788,1,True,8,12,0.9243902439024391,0.7836558468580941,0.639496987558364,0.9481897627965044,0.9572413793103448,0.940379403794038,0.9747191011235955
LightGBMLarge,0.9146341463414634,0.9329268292682927,accuracy,0.0050847530364990234,0.0035791397094726562,1.2502522468566895,0.0050847530364990234,0.0035791397094726562,1.2502522468566895,1,True,11,12,0.9243902439024391,0.7836558468580941,0.639496987558364,0.9481897627965044,0.9572413793103448,0.940379403794038,0.9747191011235955
XGBoost,0.9292682926829269,0.9329268292682927,accuracy,0.015659093856811523,0.004318714141845703,1.3334126472473145,0.015659093856811523,0.004318714141845703,1.3334126472473145,1,True,9,13,0.9243902439024391,0.7836558468580941,0.639496987558364,0.9481897627965044,0.9572413793103448,0.940379403794038,0.9747191011235955
ExtraTreesGini,0.926829268292683,0.9207317073170732,accuracy,0.10127925872802734,0.05562329292297363,0.6690657138824463,0.10127925872802734,0.05562329292297363,0.6690657138824463,1,True,6,13,0.9243902439024391,0.7836558468580941,0.639496987558364,0.9481897627965044,0.9572413793103448,0.940379403794038,0.9747191011235955
CatBoost,0.9243902439024391,0.926829268292683,accuracy,0.026746034622192383,0.021460533142089844,1.8070006370544434,0.026746034622192383,0.021460533142089844,1.8070006370544434,1,True,5,13,0.9243902439024391,0.7836558468580941,0.639496987558364,0.9481897627965044,0.9572413793103448,0.940379403794038,0.9747191011235955
WeightedEnsemble_L2,0.9243902439024391,0.9451219512195121,accuracy,0.03249764442443848,0.013981103897094727,2.75982403755188,0.0013091564178466797,0.0005245208740234375,0.049726009368896484,2,True,12,13,0.9243902439024391,0.7836558468580941,0.639496987558364,0.9481897627965044,0.9572413793103448,0.940379403794038,0.9747191011235955
RandomForestGini,0.9243902439024391,0.9207317073170732,accuracy,0.09900403022766113,0.055161476135253906,1.0316979885101318,0.09900403022766113,0.055161476135253906,1.0316979885101318,1,True,3,13,0.9243902439024391,0.7836558468580941,0.639496987558364,0.9481897627965044,0.9572413793103448,0.940379403794038,0.9747191011235955
LightGBM,0.9219512195121952,0.9420731707317073,accuracy,0.00665736198425293,0.0047876834869384766,0.6347167491912842,0.00665736198425293,0.0047876834869384766,0.6347167491912842,1,True,2,13,0.9243902439024391,0.7836558468580941,0.639496987558364,0.9481897627965044,0.9572413793103448,0.940379403794038,0.9747191011235955
LightGBMXT,0.9219512195121952,0.9420731707317073,accuracy,0.007869243621826172,0.0031070709228515625,0.6067228317260742,0.007869243621826172,0.0031070709228515625,0.6067228317260742,1,True,1,13,0.9243902439024391,0.7836558468580941,0.639496987558364,0.9481897627965044,0.9572413793103448,0.940379403794038,0.9747191011235955
NeuralNetTorch,0.9219512195121952,0.9390243902439024,accuracy,0.015894412994384766,0.007121562957763672,1.8446552753448486,0.015894412994384766,0.007121562957763672,1.8446552753448486,1,True,10,13,0.9243902439024391,0.7836558468580941,0.639496987558364,0.9481897627965044,0.9572413793103448,0.940379403794038,0.9747191011235955
ExtraTreesEntr,0.9219512195121952,0.9207317073170732,accuracy,0.11129117012023926,0.0720212459564209,0.7770562171936035,0.11129117012023926,0.0720212459564209,0.7770562171936035,1,True,7,13,0.9243902439024391,0.7836558468580941,0.639496987558364,0.9481897627965044,0.9572413793103448,0.940379403794038,0.9747191011235955
RandomForestEntr,0.9195121951219513,0.9207317073170732,accuracy,0.09675192832946777,0.06581854820251465,0.6717171669006348,0.09675192832946777,0.06581854820251465,0.6717171669006348,1,True,4,13,0.9243902439024391,0.7836558468580941,0.639496987558364,0.9481897627965044,0.9572413793103448,0.940379403794038,0.9747191011235955
NeuralNetFastAI,0.9170731707317074,0.926829268292683,accuracy,0.023319244384765625,0.010349512100219727,2.103375196456909,0.023319244384765625,0.010349512100219727,2.103375196456909,1,True,8,13,0.9243902439024391,0.7836558468580941,0.639496987558364,0.9481897627965044,0.9572413793103448,0.940379403794038,0.9747191011235955
LightGBMLarge,0.9146341463414634,0.9329268292682927,accuracy,0.006836891174316406,0.003377676010131836,1.3642191886901855,0.006836891174316406,0.003377676010131836,1.3642191886901855,1,True,11,13,0.9243902439024391,0.7836558468580941,0.639496987558364,0.9481897627965044,0.9572413793103448,0.940379403794038,0.9747191011235955
XGBoost,0.9292682926829269,0.9329268292682927,accuracy,0.012076139450073242,0.004400730133056641,1.5657553672790527,0.012076139450073242,0.004400730133056641,1.5657553672790527,1,True,9,14,0.9243902439024391,0.7836558468580941,0.639496987558364,0.9481897627965044,0.9572413793103448,0.940379403794038,0.9747191011235955
ExtraTreesGini,0.926829268292683,0.9207317073170732,accuracy,0.10645318031311035,0.05487465858459473,0.6126072406768799,0.10645318031311035,0.05487465858459473,0.6126072406768799,1,True,6,14,0.9243902439024391,0.7836558468580941,0.639496987558364,0.9481897627965044,0.9572413793103448,0.940379403794038,0.9747191011235955
CatBoost,0.9243902439024391,0.926829268292683,accuracy,0.04302573204040527,0.021939992904663086,2.0233330726623535,0.04302573204040527,0.021939992904663086,2.0233330726623535,1,True,5,14,0.9243902439024391,0.7836558468580941,0.639496987558364,0.9481897627965044,0.9572413793103448,0.940379403794038,0.9747191011235955
WeightedEnsemble_L2,0.9243902439024391,0.9451219512195121,accuracy,0.04918527603149414,0.016910791397094727,2.692218780517578,0.0018010139465332031,0.0005180835723876953,0.04128909111022949,2,True,12,14,0.9243902439024391,0.7836558468580941,0.639496987558364,0.9481897627965044,0.9572413793103448,0.940379403794038,0.9747191011235955
RandomForestGini,0.9243902439024391,0.9207317073170732,accuracy,0.12386012077331543,0.05502486228942871,0.6725106239318848,0.12386012077331543,0.05502486228942871,0.6725106239318848,1,True,3,14,0.9243902439024391,0.7836558468580941,0.639496987558364,0.9481897627965044,0.9572413793103448,0.940379403794038,0.9747191011235955
LightGBM,0.9219512195121952,0.9420731707317073,accuracy,0.0070569515228271484,0.0048978328704833984,0.6204509735107422,0.0070569515228271484,0.0048978328704833984,0.6204509735107422,1,True,2,14,0.9243902439024391,0.7836558468580941,0.639496987558364,0.9481897627965044,0.9572413793103448,0.940379403794038,0.9747191011235955
LightGBMXT,0.9219512195121952,0.9420731707317073,accuracy,0.008336782455444336,0.003142118453979492,0.6362526416778564,0.008336782455444336,0.003142118453979492,0.6362526416778564,1,True,1,14,0.9243902439024391,0.7836558468580941,0.639496987558364,0.9481897627965044,0.9572413793103448,0.940379403794038,0.9747191011235955
NeuralNetTorch,0.9219512195121952,0.9390243902439024,accuracy,0.011146783828735352,0.006743907928466797,1.5141873359680176,0.011146783828735352,0.006743907928466797,1.5141873359680176,1,True,10,14,0.9243902439024391,0.7836558468580941,0.639496987558364,0.9481897627965044,0.9572413793103448,0.940379403794038,0.9747191011235955
ExtraTreesEntr,0.9219512195121952,0.9207317073170732,accuracy,0.09113144874572754,0.05612826347351074,0.6251745223999023,0.09113144874572754,0.05612826347351074,0.6251745223999023,1,True,7,14,0.9243902439024391,0.7836558468580941,0.639496987558364,0.9481897627965044,0.9572413793103448,0.940379403794038,0.9747191011235955
RandomForestEntr,0.9195121951219513,0.9207317073170732,accuracy,0.11531186103820801,0.06555986404418945,0.7048187255859375,0.11531186103820801,0.06555986404418945,0.7048187255859375,1,True,4,14,0.9243902439024391,0.7836558468580941,0.639496987558364,0.9481897627965044,0.9572413793103448,0.940379403794038,0.9747191011235955
NeuralNetFastAI,0.9170731707317074,0.926829268292683,accuracy,0.0390474796295166,0.013250589370727539,2.014677047729492,0.0390474796295166,0.013250589370727539,2.014677047729492,1,True,8,14,0.9243902439024391,0.7836558468580941,0.639496987558364,0.9481897627965044,0.9572413793103448,0.940379403794038,0.9747191011235955
LightGBMLarge,0.9146341463414634,0.9329268292682927,accuracy,0.007249593734741211,0.0035843849182128906,1.3027985095977783,0.007249593734741211,0.0035843849182128906,1.3027985095977783,1,True,11,14,0.9243902439024391,0.7836558468580941,0.639496987558364,0.9481897627965044,0.9572413793103448,0.940379403794038,0.9747191011235955
XGBoost,0.9292682926829269,0.9329268292682927,accuracy,0.02461552619934082,0.004492759704589844,1.4746897220611572,0.02461552619934082,0.004492759704589844,1.4746897220611572,1,True,9,15,0.9243902439024391,0.7836558468580941,0.639496987558364,0.9481897627965044,0.9572413793103448,0.940379403794038,0.9747191011235955
ExtraTreesGini,0.926829268292683,0.9207317073170732,accuracy,0.11083984375,0.07929325103759766,0.7250616550445557,0.11083984375,0.07929325103759766,0.7250616550445557,1,True,6,15,0.9243902439024391,0.7836558468580941,0.639496987558364,0.9481897627965044,0.9572413793103448,0.940379403794038,0.9747191011235955
CatBoost,0.9243902439024391,0.926829268292683,accuracy,0.027460813522338867,0.021265029907226562,1.7988159656524658,0.027460813522338867,0.021265029907226562,1.7988159656524658,1,True,5,15,0.9243902439024391,0.7836558468580941,0.639496987558364,0.9481897627965044,0.9572413793103448,0.940379403794038,0.9747191011235955
WeightedEnsemble_L2,0.9243902439024391,0.9451219512195121,accuracy,0.043619632720947266,0.014801025390625,2.6652770042419434,0.001622915267944336,0.0005259513854980469,0.040476083755493164,2,True,12,15,0.9243902439024391,0.7836558468580941,0.639496987558364,0.9481897627965044,0.9572413793103448,0.940379403794038,0.9747191011235955
RandomForestGini,0.9243902439024391,0.9207317073170732,accuracy,0.10804414749145508,0.05521392822265625,0.6640775203704834,0.10804414749145508,0.05521392822265625,0.6640775203704834,1,True,3,15,0.9243902439024391,0.7836558468580941,0.639496987558364,0.9481897627965044,0.9572413793103448,0.940379403794038,0.9747191011235955
LightGBM,0.9219512195121952,0.9420731707317073,accuracy,0.0053997039794921875,0.003973245620727539,0.7824602127075195,0.0053997039794921875,0.003973245620727539,0.7824602127075195,1,True,2,15,0.9243902439024391,0.7836558468580941,0.639496987558364,0.9481897627965044,0.9572413793103448,0.940379403794038,0.9747191011235955
LightGBMXT,0.9219512195121952,0.9420731707317073,accuracy,0.006844043731689453,0.004270315170288086,0.6985812187194824,0.006844043731689453,0.004270315170288086,0.6985812187194824,1,True,1,15,0.9243902439024391,0.7836558468580941,0.639496987558364,0.9481897627965044,0.9572413793103448,0.940379403794038,0.9747191011235955
NeuralNetTorch,0.9219512195121952,0.9390243902439024,accuracy,0.010696649551391602,0.005186796188354492,1.8226737976074219,0.010696649551391602,0.005186796188354492,1.8226737976074219,1,True,10,15,0.9243902439024391,0.7836558468580941,0.639496987558364,0.9481897627965044,0.9572413793103448,0.940379403794038,0.9747191011235955
ExtraTreesEntr,0.9219512195121952,0.9207317073170732,accuracy,0.10841917991638184,0.04862642288208008,0.8706967830657959,0.10841917991638184,0.04862642288208008,0.8706967830657959,1,True,7,15,0.9243902439024391,0.7836558468580941,0.639496987558364,0.9481897627965044,0.9572413793103448,0.940379403794038,0.9747191011235955
RandomForestEntr,0.9195121951219513,0.9207317073170732,accuracy,0.09607648849487305,0.054961204528808594,0.605435848236084,0.09607648849487305,0.054961204528808594,0.605435848236084,1,True,4,15,0.9243902439024391,0.7836558468580941,0.639496987558364,0.9481897627965044,0.9572413793103448,0.940379403794038,0.9747191011235955
NeuralNetFastAI,0.9170731707317074,0.926829268292683,accuracy,0.03515267372131348,0.010004758834838867,1.9262197017669678,0.03515267372131348,0.010004758834838867,1.9262197017669678,1,True,8,15,0.9243902439024391,0.7836558468580941,0.639496987558364,0.9481897627965044,0.9572413793103448,0.940379403794038,0.9747191011235955
LightGBMLarge,0.9146341463414634,0.9329268292682927,accuracy,0.0070874691009521484,0.0035371780395507812,1.2926502227783203,0.0070874691009521484,0.0035371780395507812,1.2926502227783203,1,True,11,15,0.9243902439024391,0.7836558468580941,0.639496987558364,0.9481897627965044,0.9572413793103448,0.940379403794038,0.9747191011235955
XGBoost,0.9292682926829269,0.9329268292682927,accuracy,0.011753082275390625,0.0042612552642822266,1.294402837753296,0.011753082275390625,0.0042612552642822266,1.294402837753296,1,True,9,16,0.9243902439024391,0.7836558468580941,0.639496987558364,0.9481897627965044,0.9572413793103448,0.940379403794038,0.9747191011235955
ExtraTreesGini,0.926829268292683,0.9207317073170732,accuracy,0.10071396827697754,0.054526567459106445,0.6909143924713135,0.10071396827697754,0.054526567459106445,0.6909143924713135,1,True,6,16,0.9243902439024391,0.7836558468580941,0.639496987558364,0.9481897627965044,0.9572413793103448,0.940379403794038,0.9747191011235955
CatBoost,0.9243902439024391,0.926829268292683,accuracy,0.026813030242919922,0.022233247756958008,1.8715145587921143,0.026813030242919922,0.022233247756958008,1.8715145587921143,1,True,5,16,0.9243902439024391,0.7836558468580941,0.639496987558364,0.9481897627965044,0.9572413793103448,0.940379403794038,0.9747191011235955
WeightedEnsemble_L2,0.9243902439024391,0.9451219512195121,accuracy,0.03312873840332031,0.016356945037841797,2.9667627811431885,0.0018839836120605469,0.0006427764892578125,0.0614619255065918,2,True,12,16,0.9243902439024391,0.7836558468580941,0.639496987558364,0.9481897627965044,0.9572413793103448,0.940379403794038,0.9747191011235955
RandomForestGini,0.9243902439024391,0.9207317073170732,accuracy,0.12707114219665527,0.05489063262939453,0.6307797431945801,0.12707114219665527,0.05489063262939453,0.6307797431945801,1,True,3,16,0.9243902439024391,0.7836558468580941,0.639496987558364,0.9481897627965044,0.9572413793103448,0.940379403794038,0.9747191011235955
LightGBMXT,0.9219512195121952,0.9420731707317073,accuracy,0.00673365592956543,0.003190279006958008,0.6036372184753418,0.00673365592956543,0.003190279006958008,0.6036372184753418,1,True,1,16,0.9243902439024391,0.7836558468580941,0.639496987558364,0.9481897627965044,0.9572413793103448,0.940379403794038,0.9747191011235955
LightGBM,0.9219512195121952,0.9420731707317073,accuracy,0.007091522216796875,0.003166675567626953,0.584585428237915,0.007091522216796875,0.003166675567626953,0.584585428237915,1,True,2,16,0.9243902439024391,0.7836558468580941,0.639496987558364,0.9481897627965044,0.9572413793103448,0.940379403794038,0.9747191011235955
NeuralNetTorch,0.9219512195121952,0.9390243902439024,accuracy,0.009244680404663086,0.005159139633178711,1.5732440948486328,0.009244680404663086,0.005159139633178711,1.5732440948486328,1,True,10,16,0.9243902439024391,0.7836558468580941,0.639496987558364,0.9481897627965044,0.9572413793103448,0.940379403794038,0.9747191011235955
ExtraTreesEntr,0.9219512195121952,0.9207317073170732,accuracy,0.09849715232849121,0.05522608757019043,0.6387701034545898,0.09849715232849121,0.05522608757019043,0.6387701034545898,1,True,7,16,0.9243902439024391,0.7836558468580941,0.639496987558364,0.9481897627965044,0.9572413793103448,0.940379403794038,0.9747191011235955
RandomForestEntr,0.9195121951219513,0.9207317073170732,accuracy,0.09848666191101074,0.034836769104003906,0.9453558921813965,0.09848666191101074,0.034836769104003906,0.9453558921813965,1,True,4,16,0.9243902439024391,0.7836558468580941,0.639496987558364,0.9481897627965044,0.9572413793103448,0.940379403794038,0.9747191011235955
NeuralNetFastAI,0.9170731707317074,0.926829268292683,accuracy,0.024511098861694336,0.012523889541625977,2.301663637161255,0.024511098861694336,0.012523889541625977,2.301663637161255,1,True,8,16,0.9243902439024391,0.7836558468580941,0.639496987558364,0.9481897627965044,0.9572413793103448,0.940379403794038,0.9747191011235955
LightGBMLarge,0.9146341463414634,0.9329268292682927,accuracy,0.00947117805480957,0.004769563674926758,1.5239160060882568,0.00947117805480957,0.004769563674926758,1.5239160060882568,1,True,11,16,0.9243902439024391,0.7836558468580941,0.639496987558364,0.9481897627965044,0.9572413793103448,0.940379403794038,0.9747191011235955
XGBoost,0.9292682926829269,0.9329268292682927,accuracy,0.013440370559692383,0.0062067508697509766,1.6574041843414307,0.013440370559692383,0.0062067508697509766,1.6574041843414307,1,True,9,17,0.9243902439024391,0.7836558468580941,0.639496987558364,0.9481897627965044,0.9572413793103448,0.940379403794038,0.9747191011235955
ExtraTreesGini,0.926829268292683,0.9207317073170732,accuracy,0.13438653945922852,0.055236101150512695,0.7898883819580078,0.13438653945922852,0.055236101150512695,0.7898883819580078,1,True,6,17,0.9243902439024391,0.7836558468580941,0.639496987558364,0.9481897627965044,0.9572413793103448,0.940379403794038,0.9747191011235955
CatBoost,0.9243902439024391,0.926829268292683,accuracy,0.027346372604370117,0.030433177947998047,1.9248192310333252,0.027346372604370117,0.030433177947998047,1.9248192310333252,1,True,5,17,0.9243902439024391,0.7836558468580941,0.639496987558364,0.9481897627965044,0.9572413793103448,0.940379403794038,0.9747191011235955
WeightedEnsemble_L2,0.9243902439024391,0.9451219512195121,accuracy,0.03514838218688965,0.01803302764892578,2.6480863094329834,0.0015797615051269531,0.0005753040313720703,0.040154457092285156,2,True,12,17,0.9243902439024391,0.7836558468580941,0.639496987558364,0.9481897627965044,0.9572413793103448,0.940379403794038,0.9747191011235955
RandomForestGini,0.9243902439024391,0.9207317073170732,accuracy,0.11422920227050781,0.05592465400695801,0.6300365924835205,0.11422920227050781,0.05592465400695801,0.6300365924835205,1,True,3,17,0.9243902439024391,0.7836558468580941,0.639496987558364,0.9481897627965044,0.9572413793103448,0.940379403794038,0.9747191011235955
LightGBM,0.9219512195121952,0.9420731707317073,accuracy,0.0054531097412109375,0.0031850337982177734,0.5913140773773193,0.0054531097412109375,0.0031850337982177734,0.5913140773773193,1,True,2,17,0.9243902439024391,0.7836558468580941,0.639496987558364,0.9481897627965044,0.9572413793103448,0.940379403794038,0.9747191011235955
LightGBMXT,0.9219512195121952,0.9420731707317073,accuracy,0.0067195892333984375,0.003296375274658203,0.6153230667114258,0.0067195892333984375,0.003296375274658203,0.6153230667114258,1,True,1,17,0.9243902439024391,0.7836558468580941,0.639496987558364,0.9481897627965044,0.9572413793103448,0.940379403794038,0.9747191011235955
NeuralNetTorch,0.9219512195121952,0.9390243902439024,accuracy,0.008466243743896484,0.00536036491394043,1.6706552505493164,0.008466243743896484,0.00536036491394043,1.6706552505493164,1,True,10,17,0.9243902439024391,0.7836558468580941,0.639496987558364,0.9481897627965044,0.9572413793103448,0.940379403794038,0.9747191011235955
ExtraTreesEntr,0.9219512195121952,0.9207317073170732,accuracy,0.09844422340393066,0.05485892295837402,0.623220682144165,0.09844422340393066,0.05485892295837402,0.623220682144165,1,True,7,17,0.9243902439024391,0.7836558468580941,0.639496987558364,0.9481897627965044,0.9572413793103448,0.940379403794038,0.9747191011235955
RandomForestEntr,0.9195121951219513,0.9207317073170732,accuracy,0.09682106971740723,0.06862664222717285,0.6587350368499756,0.09682106971740723,0.06862664222717285,0.6587350368499756,1,True,4,17,0.9243902439024391,0.7836558468580941,0.639496987558364,0.9481897627965044,0.9572413793103448,0.940379403794038,0.9747191011235955
NeuralNetFastAI,0.9170731707317074,0.926829268292683,accuracy,0.026849031448364258,0.014161348342895508,1.9926087856292725,0.026849031448364258,0.014161348342895508,1.9926087856292725,1,True,8,17,0.9243902439024391,0.7836558468580941,0.639496987558364,0.9481897627965044,0.9572413793103448,0.940379403794038,0.9747191011235955
LightGBMLarge,0.9146341463414634,0.9329268292682927,accuracy,0.006904125213623047,0.0033409595489501953,1.297584056854248,0.006904125213623047,0.0033409595489501953,1.297584056854248,1,True,11,17,0.9243902439024391,0.7836558468580941,0.639496987558364,0.9481897627965044,0.9572413793103448,0.940379403794038,0.9747191011235955
XGBoost,0.9292682926829269,0.9329268292682927,accuracy,0.01555323600769043,0.004498720169067383,1.2854509353637695,0.01555323600769043,0.004498720169067383,1.2854509353637695,1,True,9,18,0.9243902439024391,0.7836558468580941,0.639496987558364,0.9481897627965044,0.9572413793103448,0.940379403794038,0.9747191011235955
ExtraTreesGini,0.926829268292683,0.9207317073170732,accuracy,0.10569024085998535,0.06644344329833984,0.672980785369873,0.10569024085998535,0.06644344329833984,0.672980785369873,1,True,6,18,0.9243902439024391,0.7836558468580941,0.639496987558364,0.9481897627965044,0.9572413793103448,0.940379403794038,0.9747191011235955
CatBoost,0.9243902439024391,0.926829268292683,accuracy,0.029578208923339844,0.021433353424072266,1.7762796878814697,0.029578208923339844,0.021433353424072266,1.7762796878814697,1,True,5,18,0.9243902439024391,0.7836558468580941,0.639496987558364,0.9481897627965044,0.9572413793103448,0.940379403794038,0.9747191011235955
WeightedEnsemble_L2,0.9243902439024391,0.9451219512195121,accuracy,0.03657674789428711,0.01462411880493164,2.7199199199676514,0.0013353824615478516,0.0005214214324951172,0.040877342224121094,2,True,12,18,0.9243902439024391,0.7836558468580941,0.639496987558364,0.9481897627965044,0.9572413793103448,0.940379403794038,0.9747191011235955
RandomForestGini,0.9243902439024391,0.9207317073170732,accuracy,0.12596774101257324,0.05523800849914551,0.9079151153564453,0.12596774101257324,0.05523800849914551,0.9079151153564453,1,True,3,18,0.9243902439024391,0.7836558468580941,0.639496987558364,0.9481897627965044,0.9572413793103448,0.940379403794038,0.9747191011235955
LightGBM,0.9219512195121952,0.9420731707317073,accuracy,0.006409883499145508,0.005300998687744141,0.7022995948791504,0.006409883499145508,0.005300998687744141,0.7022995948791504,1,True,2,18,0.9243902439024391,0.7836558468580941,0.639496987558364,0.9481897627965044,0.9572413793103448,0.940379403794038,0.9747191011235955
LightGBMXT,0.9219512195121952,0.9420731707317073,accuracy,0.007329463958740234,0.003125905990600586,0.6198019981384277,0.007329463958740234,0.003125905990600586,0.6198019981384277,1,True,1,18,0.9243902439024391,0.7836558468580941,0.639496987558364,0.9481897627965044,0.9572413793103448,0.940379403794038,0.9747191011235955
NeuralNetTorch,0.9219512195121952,0.9390243902439024,accuracy,0.012801408767700195,0.007251739501953125,1.6648273468017578,0.012801408767700195,0.007251739501953125,1.6648273468017578,1,True,10,18,0.9243902439024391,0.7836558468580941,0.639496987558364,0.9481897627965044,0.9572413793103448,0.940379403794038,0.9747191011235955
ExtraTreesEntr,0.9219512195121952,0.9207317073170732,accuracy,0.09672045707702637,0.07564449310302734,0.8638031482696533,0.09672045707702637,0.07564449310302734,0.8638031482696533,1,True,7,18,0.9243902439024391,0.7836558468580941,0.639496987558364,0.9481897627965044,0.9572413793103448,0.940379403794038,0.9747191011235955
RandomForestEntr,0.9195121951219513,0.9207317073170732,accuracy,0.1041715145111084,0.05483603477478027,0.6516153812408447,0.1041715145111084,0.05483603477478027,0.6516153812408447,1,True,4,18,0.9243902439024391,0.7836558468580941,0.639496987558364,0.9481897627965044,0.9572413793103448,0.940379403794038,0.9747191011235955
NeuralNetFastAI,0.9170731707317074,0.926829268292683,accuracy,0.027911901473999023,0.010976791381835938,2.0592405796051025,0.027911901473999023,0.010976791381835938,2.0592405796051025,1,True,8,18,0.9243902439024391,0.7836558468580941,0.639496987558364,0.9481897627965044,0.9572413793103448,0.940379403794038,0.9747191011235955
LightGBMLarge,0.9146341463414634,0.9329268292682927,accuracy,0.006128787994384766,0.003484010696411133,1.3996515274047852,0.006128787994384766,0.003484010696411133,1.3996515274047852,1,True,11,18,0.9243902439024391,0.7836558468580941,0.639496987558364,0.9481897627965044,0.9572413793103448,0.940379403794038,0.9747191011235955
XGBoost,0.9292682926829269,0.9329268292682927,accuracy,0.014078140258789062,0.0046389102935791016,1.603625774383545,0.014078140258789062,0.0046389102935791016,1.603625774383545,1,True,9,19,0.9243902439024391,0.7836558468580941,0.639496987558364,0.9481897627965044,0.9572413793103448,0.940379403794038,0.9747191011235955
ExtraTreesGini,0.926829268292683,0.9207317073170732,accuracy,0.11103940010070801,0.054627180099487305,0.6138098239898682,0.11103940010070801,0.054627180099487305,0.6138098239898682,1,True,6,19,0.9243902439024391,0.7836558468580941,0.639496987558364,0.9481897627965044,0.9572413793103448,0.940379403794038,0.9747191011235955
WeightedEnsemble_L2,0.9243902439024391,0.9451219512195121,accuracy,0.036498308181762695,0.017296552658081055,2.6341261863708496,0.0018513202667236328,0.0005261898040771484,0.04006361961364746,2,True,12,19,0.9243902439024391,0.7836558468580941,0.639496987558364,0.9481897627965044,0.9572413793103448,0.940379403794038,0.9747191011235955
CatBoost,0.9243902439024391,0.926829268292683,accuracy,0.04244685173034668,0.02206707000732422,2.0829453468322754,0.04244685173034668,0.02206707000732422,2.0829453468322754,1,True,5,19,0.9243902439024391,0.7836558468580941,0.639496987558364,0.9481897627965044,0.9572413793103448,0.940379403794038,0.9747191011235955
RandomForestGini,0.9243902439024391,0.9207317073170732,accuracy,0.11685299873352051,0.055563926696777344,0.6176252365112305,0.11685299873352051,0.055563926696777344,0.6176252365112305,1,True,3,19,0.9243902439024391,0.7836558468580941,0.639496987558364,0.9481897627965044,0.9572413793103448,0.940379403794038,0.9747191011235955
LightGBMXT,0.9219512195121952,0.9420731707317073,accuracy,0.006571769714355469,0.003087759017944336,0.643014669418335,0.006571769714355469,0.003087759017944336,0.643014669418335,1,True,1,19,0.9243902439024391,0.7836558468580941,0.639496987558364,0.9481897627965044,0.9572413793103448,0.940379403794038,0.9747191011235955
LightGBM,0.9219512195121952,0.9420731707317073,accuracy,0.007067680358886719,0.003106355667114258,0.5897977352142334,0.007067680358886719,0.003106355667114258,0.5897977352142334,1,True,2,19,0.9243902439024391,0.7836558468580941,0.639496987558364,0.9481897627965044,0.9572413793103448,0.940379403794038,0.9747191011235955
NeuralNetTorch,0.9219512195121952,0.9390243902439024,accuracy,0.011303901672363281,0.0051534175872802734,1.5367352962493896,0.011303901672363281,0.0051534175872802734,1.5367352962493896,1,True,10,19,0.9243902439024391,0.7836558468580941,0.639496987558364,0.9481897627965044,0.9572413793103448,0.940379403794038,0.9747191011235955
ExtraTreesEntr,0.9219512195121952,0.9207317073170732,accuracy,0.11294221878051758,0.06635403633117676,0.6372394561767578,0.11294221878051758,0.06635403633117676,0.6372394561767578,1,True,7,19,0.9243902439024391,0.7836558468580941,0.639496987558364,0.9481897627965044,0.9572413793103448,0.940379403794038,0.9747191011235955
RandomForestEntr,0.9195121951219513,0.9207317073170732,accuracy,0.07931351661682129,0.06497311592102051,0.6347839832305908,0.07931351661682129,0.06497311592102051,0.6347839832305908,1,True,4,19,0.9243902439024391,0.7836558468580941,0.639496987558364,0.9481897627965044,0.9572413793103448,0.940379403794038,0.9747191011235955
NeuralNetFastAI,0.9170731707317074,0.926829268292683,accuracy,0.028075218200683594,0.01368260383605957,1.9510478973388672,0.028075218200683594,0.01368260383605957,1.9510478973388672,1,True,8,19,0.9243902439024391,0.7836558468580941,0.639496987558364,0.9481897627965044,0.9572413793103448,0.940379403794038,0.9747191011235955
LightGBMLarge,0.9146341463414634,0.9329268292682927,accuracy,0.0073163509368896484,0.003365039825439453,1.3023195266723633,0.0073163509368896484,0.003365039825439453,1.3023195266723633,1,True,11,19,0.9243902439024391,0.7836558468580941,0.639496987558364,0.9481897627965044,0.9572413793103448,0.940379403794038,0.9747191011235955
XGBoost,0.9292682926829269,0.9329268292682927,accuracy,0.012190818786621094,0.004504680633544922,1.2866706848144531,0.012190818786621094,0.004504680633544922,1.2866706848144531,1,True,9,20,0.9243902439024391,0.7836558468580941,0.639496987558364,0.9481897627965044,0.9572413793103448,0.940379403794038,0.9747191011235955
ExtraTreesGini,0.926829268292683,0.9207317073170732,accuracy,0.11212491989135742,0.0858914852142334,0.7660589218139648,0.11212491989135742,0.0858914852142334,0.7660589218139648,1,True,6,20,0.9243902439024391,0.7836558468580941,0.639496987558364,0.9481897627965044,0.9572413793103448,0.940379403794038,0.9747191011235955
CatBoost,0.9243902439024391,0.926829268292683,accuracy,0.026243925094604492,0.022156238555908203,1.7719273567199707,0.026243925094604492,0.022156238555908203,1.7719273567199707,1,True,5,20,0.9243902439024391,0.7836558468580941,0.639496987558364,0.9481897627965044,0.9572413793103448,0.940379403794038,0.9747191011235955
WeightedEnsemble_L2,0.9243902439024391,0.9451219512195121,accuracy,0.0338134765625,0.01819634437561035,2.664494037628174,0.0013191699981689453,0.0005578994750976562,0.04793810844421387,2,True,12,20,0.9243902439024391,0.7836558468580941,0.639496987558364,0.9481897627965044,0.9572413793103448,0.940379403794038,0.9747191011235955
RandomForestGini,0.9243902439024391,0.9207317073170732,accuracy,0.09643125534057617,0.05521082878112793,0.6511578559875488,0.09643125534057617,0.05521082878112793,0.6511578559875488,1,True,3,20,0.9243902439024391,0.7836558468580941,0.639496987558364,0.9481897627965044,0.9572413793103448,0.940379403794038,0.9747191011235955
LightGBM,0.9219512195121952,0.9420731707317073,accuracy,0.005469799041748047,0.0032203197479248047,0.7166101932525635,0.005469799041748047,0.0032203197479248047,0.7166101932525635,1,True,2,20,0.9243902439024391,0.7836558468580941,0.639496987558364,0.9481897627965044,0.9572413793103448,0.940379403794038,0.9747191011235955
LightGBMXT,0.9219512195121952,0.9420731707317073,accuracy,0.005718708038330078,0.007136821746826172,0.7358851432800293,0.005718708038330078,0.007136821746826172,0.7358851432800293,1,True,1,20,0.9243902439024391,0.7836558468580941,0.639496987558364,0.9481897627965044,0.9572413793103448,0.940379403794038,0.9747191011235955
NeuralNetTorch,0.9219512195121952,0.9390243902439024,accuracy,0.008415699005126953,0.005131721496582031,1.9289164543151855,0.008415699005126953,0.005131721496582031,1.9289164543151855,1,True,10,20,0.9243902439024391,0.7836558468580941,0.639496987558364,0.9481897627965044,0.9572413793103448,0.940379403794038,0.9747191011235955
ExtraTreesEntr,0.9219512195121952,0.9207317073170732,accuracy,0.11134028434753418,0.056893348693847656,0.8784253597259521,0.11134028434753418,0.056893348693847656,0.8784253597259521,1,True,7,20,0.9243902439024391,0.7836558468580941,0.639496987558364,0.9481897627965044,0.9572413793103448,0.940379403794038,0.9747191011235955
RandomForestEntr,0.9195121951219513,0.9207317073170732,accuracy,0.09943699836730957,0.05525970458984375,0.6191186904907227,0.09943699836730957,0.05525970458984375,0.6191186904907227,1,True,4,20,0.9243902439024391,0.7836558468580941,0.639496987558364,0.9481897627965044,0.9572413793103448,0.940379403794038,0.9747191011235955
NeuralNetFastAI,0.9170731707317074,0.926829268292683,accuracy,0.026775598526000977,0.010501623153686523,1.8806707859039307,0.026775598526000977,0.010501623153686523,1.8806707859039307,1,True,8,20,0.9243902439024391,0.7836558468580941,0.639496987558364,0.9481897627965044,0.9572413793103448,0.940379403794038,0.9747191011235955
LightGBMLarge,0.9146341463414634,0.9329268292682927,accuracy,0.005394697189331055,0.003453969955444336,1.2603535652160645,0.005394697189331055,0.003453969955444336,1.2603535652160645,1,True,11,20,0.9243902439024391,0.7836558468580941,0.639496987558364,0.9481897627965044,0.9572413793103448,0.940379403794038,0.9747191011235955
